14547,soy
15612,soy
19996,corn
19996,soy
5284,milk
5284,corn
5284,gluten
5284,pork
5284,tree nuts
5284,wheat
8386,corn
8386,gluten
8386,soy
8386,wheat
12079,corn
12079,gluten
12079,soy
12079,wheat
11636,eggs
11636,milk
11636,corn
11636,gluten
11636,soy
11636,wheat
16562,milk
16562,corn
16562,gluten
16562,soy
16562,wheat
292,soy
7998,eggs
7998,milk
7998,gluten
7998,peanuts
7998,soy
7998,wheat
3381,pork
7021,corn
7021,gluten
7021,soy
7021,wheat
4918,milk
4918,corn
4918,gluten
4918,soy
4918,wheat
12644,corn
12644,gluten
12644,soy
12644,wheat
2779,corn
2779,gluten
2779,soy
2779,wheat
18275,corn
18275,gluten
18275,soy
18275,wheat
18088,corn
18088,gluten
18088,soy
18088,wheat
12470,milk
12470,corn
12470,gluten
12470,soy
12470,tree nuts
12470,wheat
22157,eggs
22157,milk
22157,corn
22157,gluten
22157,soy
22157,wheat
13981,eggs
13981,milk
13981,corn
13981,gluten
13981,soy
13981,wheat
19374,eggs
19374,milk
19374,corn
19374,gluten
19374,pork
19374,soy
19374,wheat
22155,eggs
22155,milk
22155,corn
22155,gluten
22155,soy
22155,wheat
20025,corn
20025,gluten
20025,tree nuts
20025,wheat
10253,eggs
10253,milk
10253,corn
10253,gluten
10253,soy
10253,wheat
12485,eggs
12485,milk
12485,corn
12485,gluten
12485,soy
12485,wheat
18721,eggs
18721,milk
18721,corn
18721,gluten
18721,soy
18721,wheat
18717,eggs
18717,milk
18717,corn
18717,gluten
18717,soy
18717,wheat
6124,eggs
6124,corn
6124,gluten
6124,soy
6124,wheat
14753,eggs
14753,milk
14753,corn
14753,gluten
14753,soy
14753,wheat
17139,eggs
17139,milk
17139,corn
17139,pork
17139,soy
22025,corn
22025,gluten
22025,soy
22025,wheat
22027,eggs
22027,milk
22027,corn
22027,gluten
22027,soy
22027,wheat
21195,milk
21195,tree nuts
15058,eggs
15058,milk
15058,corn
15058,gluten
15058,shellfish
15058,soy
15058,wheat
22035,eggs
22035,milk
22035,corn
22035,gluten
22035,soy
22035,wheat
14961,milk
14961,corn
14961,gluten
14961,pork
14961,soy
14961,wheat
12833,eggs
12833,milk
12833,corn
12833,gluten
12833,pork
12833,soy
12833,tree nuts
12833,wheat
14593,milk
14593,corn
14594,milk
14594,corn
9849,eggs
9849,milk
9849,corn
9849,gluten
9849,wheat
19518,eggs
19518,milk
19518,corn
19518,gluten
19518,peanuts
19518,soy
19518,tree nuts
19518,wheat
11596,milk
11596,gluten
11596,soy
11596,tree nuts
11596,wheat
19976,eggs
19976,milk
19976,gluten
19976,tree nuts
19976,wheat
17548,eggs
17548,milk
17548,corn
17548,gluten
17548,soy
17548,wheat
10251,eggs
10251,milk
10251,corn
10251,gluten
10251,soy
10251,tree nuts
10251,wheat
11788,milk
11788,corn
11788,gluten
11788,peanuts
11788,soy
11788,tree nuts
14488,milk
14488,corn
14488,gluten
14488,soy
12500,milk
12500,corn
12500,gluten
12500,soy
6372,milk
6372,corn
6372,gluten
6372,soy
10331,milk
10331,corn
10331,soy
16612,milk
16612,corn
16612,gluten
16612,soy
16612,wheat
10868,milk
10868,corn
10868,gluten
10868,soy
10333,milk
10333,corn
10333,gluten
10333,soy
3592,milk
3592,corn
3592,gluten
6764,milk
6764,corn
6764,gluten
6764,peanuts
6764,soy
16258,milk
16258,corn
16258,gluten
16258,peanuts
16258,soy
19932,milk
19932,corn
19932,soy
12934,eggs
12934,milk
12934,corn
12934,gluten
12934,peanuts
12934,pork
12934,soy
12934,wheat
11138,eggs
11138,milk
11138,corn
11138,gluten
11138,soy
11138,tree nuts
11138,wheat
6282,milk
6282,corn
6282,gluten
6282,soy
6282,tree nuts
6282,wheat
16682,milk
16682,corn
16682,gluten
16682,soy
16682,wheat
6284,milk
6284,corn
6284,gluten
6284,soy
6284,wheat
5120,milk
5120,corn
5120,gluten
5120,soy
5120,wheat
11553,milk
11553,corn
11553,gluten
11553,soy
11553,wheat
10330,milk
10330,corn
10330,gluten
10330,wheat
14781,gluten
14781,soy
10675,eggs
10675,milk
10675,corn
10675,gluten
10675,soy
10675,wheat
5987,milk
5987,corn
5987,gluten
5987,soy
5987,wheat
282,corn
7474,corn
3445,corn
3445,fish
3445,pork
3445,soy
14041,soy
8492,corn
14305,corn
14305,soy
9234,tree nuts
9533,milk
9533,corn
9533,gluten
9533,soy
9533,wheat
22058,milk
22058,corn
22058,gluten
22058,soy
22058,wheat
15627,pork
3116,corn
3116,pork
3116,soy
5487,corn
5487,gluten
5487,soy
5487,wheat
5526,
8373,corn
8373,soy
8373,wheat
3142,
10285,tree nuts
13384,corn
13384,gluten
13384,soy
13384,wheat
12705,pork
5191,milk
5191,corn
5191,pork
16170,corn
16170,soy
1568,soy
14063,milk
14063,corn
14063,pork
14063,soy
3282,eggs
3282,milk
3282,corn
3282,fish
3282,gluten
3282,soy
3282,wheat
9243,corn
9243,gluten
9243,peanuts
9243,soy
9243,wheat
12202,soy
12322,corn
17229,corn
18238,corn
6360,corn
18328,corn
6818,gluten
6818,soy
6818,wheat
14895,gluten
14895,soy
14895,wheat
9279,corn
9279,fish
9279,gluten
9279,soy
9279,wheat
11100,soy
3939,soy
6408,milk
6408,gluten
6408,wheat
20121,milk
20121,gluten
20121,wheat
18663,gluten
18663,soy
18663,wheat
6476,milk
6476,corn
6476,gluten
6476,soy
6476,wheat
3389,soy
17173,corn
17173,gluten
17173,soy
17173,wheat
17568,milk
17568,corn
17568,gluten
17568,pork
17568,soy
17568,wheat
3532,corn
3532,soy
19408,corn
19408,soy
10329,corn
10329,gluten
10329,soy
10329,wheat
6326,corn
6326,soy
5485,milk
5485,corn
5485,gluten
5485,soy
5485,wheat
5690,corn
5690,gluten
5690,soy
5690,wheat
18140,corn
18140,gluten
18140,soy
18140,wheat
19994,milk
19994,corn
14560,pork
6769,corn
6769,gluten
6769,soy
6769,wheat
19718,corn
19718,soy
6365,milk
6365,corn
6365,gluten
6365,wheat
5412,soy
2952,corn
2952,soy
14755,corn
14755,soy
14915,soy
5543,corn
5543,fish
5543,soy
4507,soy
18481,corn
18481,soy
10624,soy
13666,corn
13666,fish
13666,gluten
13666,soy
13666,wheat
16569,gluten
16569,soy
16569,wheat
11156,gluten
11156,soy
11156,wheat
10763,gluten
10763,soy
10763,wheat
4453,soy
10826,soy
6742,milk
6742,corn
6742,fish
6742,gluten
6742,soy
6742,wheat
3053,milk
3053,corn
3053,fish
3053,gluten
3053,soy
3053,wheat
550,corn
550,gluten
550,soy
550,wheat
14509,corn
14509,gluten
14509,soy
14509,wheat
7826,corn
4833,milk
4833,corn
4833,gluten
4833,soy
4833,wheat
14520,soy
17529,gluten
17529,soy
17529,wheat
4940,corn
4940,gluten
4940,shellfish
4940,soy
4940,wheat
12807,corn
12807,gluten
12807,soy
12807,wheat
19061,milk
19061,corn
19061,gluten
19061,soy
19061,wheat
18339,soy
18338,soy
10712,milk
10712,corn
10712,soy
1200,milk
1200,corn
1200,gluten
1200,wheat
8406,milk
8406,corn
8406,gluten
8406,soy
8406,wheat
4321,milk
4321,corn
4321,gluten
4321,wheat
14056,corn
14056,gluten
14056,soy
14056,wheat
5693,corn
5693,gluten
5693,soy
5693,wheat
19954,corn
19954,gluten
19954,soy
19954,wheat
20850,corn
20850,peanuts
20850,soy
20850,tree nuts
18413,corn
18413,gluten
18413,soy
18413,wheat
22021,eggs
22021,milk
22021,corn
22021,gluten
22021,soy
22021,wheat
22022,eggs
22022,milk
22022,corn
22022,gluten
22022,soy
22022,wheat
22020,eggs
22020,milk
22020,corn
22020,gluten
22020,soy
22020,wheat
17613,eggs
17613,soy
12390,soy
18537,corn
18537,fish
18537,gluten
18537,peanuts
18537,soy
18537,wheat
18803,milk
18803,corn
18803,gluten
18803,wheat
8443,gluten
8443,wheat
18159,gluten
18159,wheat
18995,gluten
18995,wheat
17354,corn
17354,gluten
17354,soy
17354,wheat
1058,corn
1058,gluten
1058,soy
1058,wheat
9643,corn
9643,gluten
9643,soy
9643,wheat
10091,milk
10091,corn
10091,gluten
10091,soy
10091,wheat
3366,eggs
3366,milk
3366,corn
3366,gluten
3366,soy
3366,wheat
9731,eggs
9731,milk
9731,corn
9731,gluten
9731,soy
9731,wheat
19358,eggs
19358,milk
19358,corn
19358,gluten
19358,soy
19358,wheat
4944,milk
4944,corn
4944,gluten
4944,soy
4944,wheat
6938,milk
6938,corn
6938,gluten
6938,soy
6938,wheat
10711,gluten
10711,soy
10711,wheat
1667,gluten
1667,soy
1667,wheat
16087,eggs
16087,milk
16087,gluten
16087,soy
16087,wheat
5859,corn
5859,gluten
5859,soy
5859,wheat
19368,corn
19368,gluten
19368,soy
19368,wheat
6466,eggs
6466,milk
6466,corn
6466,gluten
6466,soy
6466,wheat
1537,eggs
1537,milk
1537,gluten
1537,soy
1537,wheat
21447,corn
21447,gluten
21447,soy
21447,wheat
21148,corn
21148,gluten
21148,soy
21148,wheat
10150,corn
10150,gluten
10150,soy
10150,wheat
12422,gluten
12422,soy
12422,wheat
4381,milk
4381,corn
4381,gluten
4381,soy
4381,wheat
11949,gluten
11949,soy
11949,wheat
1696,corn
1696,gluten
1696,soy
1696,wheat
21898,corn
21898,gluten
21898,soy
21898,wheat
19310,gluten
19310,soy
19310,wheat
1041,corn
1041,gluten
1041,soy
1041,wheat
17196,eggs
17196,milk
17196,corn
17196,gluten
17196,pork
17196,soy
17196,wheat
9458,milk
5548,corn
5548,gluten
5548,soy
5548,wheat
9872,corn
9872,gluten
9872,soy
9872,wheat
7437,milk
5586,milk
5586,corn
13915,milk
13915,corn
13915,soy
13714,soy
22286,corn
22286,gluten
22286,soy
22286,wheat
13715,corn
13715,gluten
13715,soy
13715,wheat
15457,corn
15457,soy
15457,tree nuts
21190,corn
21190,gluten
21190,soy
21190,wheat
18461,eggs
18461,milk
18461,corn
18461,gluten
18461,soy
18461,wheat
20024,eggs
20024,milk
20024,corn
20024,gluten
20024,soy
20024,wheat
17255,eggs
17255,milk
17255,corn
17255,gluten
17255,soy
17255,wheat
19688,eggs
19688,milk
19688,corn
19688,gluten
19688,soy
19688,wheat
14489,corn
14489,gluten
14489,soy
14489,wheat
22145,corn
14168,eggs
14168,milk
14168,corn
14168,gluten
14168,soy
14168,wheat
563,eggs
563,milk
563,corn
563,gluten
563,soy
563,wheat
14172,eggs
14172,milk
14172,corn
14172,gluten
14172,soy
14172,wheat
16259,eggs
16259,milk
16259,corn
16259,gluten
16259,soy
16259,wheat
12828,eggs
12828,milk
12828,corn
12828,gluten
12828,soy
12828,wheat
14490,eggs
14490,milk
14490,corn
14490,gluten
14490,soy
14490,wheat
14464,eggs
14464,milk
14464,corn
14464,gluten
14464,soy
14464,wheat
19519,eggs
19519,milk
19519,corn
19519,gluten
19519,soy
19519,wheat
12829,eggs
12829,milk
12829,corn
12829,gluten
12829,soy
12829,tree nuts
12829,wheat
12488,eggs
12488,milk
12488,gluten
12488,soy
12488,wheat
10338,eggs
10338,milk
10338,corn
10338,gluten
10338,peanuts
10338,soy
10338,tree nuts
10338,wheat
10673,eggs
10673,milk
10673,gluten
10673,soy
10673,wheat
16263,eggs
16263,milk
16263,corn
16263,gluten
16263,soy
16263,wheat
12489,eggs
12489,milk
12489,corn
12489,gluten
12489,soy
12489,wheat
16260,eggs
16260,milk
16260,corn
16260,gluten
16260,soy
16260,tree nuts
16260,wheat
19853,soy
15523,soy
6624,gluten
6624,soy
6624,wheat
7412,corn
7412,gluten
7412,pork
7412,shellfish
7412,soy
7412,wheat
21119,eggs
21119,milk
21119,corn
21119,gluten
21119,soy
21119,wheat
19121,eggs
19121,milk
19121,gluten
19121,wheat
11770,eggs
11770,milk
11770,corn
11770,gluten
11770,soy
11770,wheat
14716,gluten
14716,soy
14716,wheat
18309,gluten
18309,soy
18309,wheat
1054,corn
1054,gluten
1054,soy
1054,wheat
1057,corn
1057,gluten
1057,soy
1057,wheat
6845,corn
6845,gluten
6845,soy
6845,wheat
7092,corn
7092,gluten
7092,soy
7092,wheat
21210,corn
21210,gluten
21210,soy
21210,wheat
12961,corn
12961,gluten
12961,soy
12961,wheat
6915,corn
6915,gluten
6915,soy
6915,wheat
6926,corn
6926,gluten
6926,soy
6926,wheat
1051,corn
1051,gluten
1051,soy
1051,wheat
12984,gluten
12984,soy
12984,wheat
7544,gluten
7544,wheat
13212,eggs
13212,corn
13212,gluten
13212,pork
13212,soy
13212,wheat
10821,milk
20772,milk
20773,milk
7276,milk
12338,milk
1075,peanuts
1075,soy
5953,peanuts
5953,soy
19212,milk
14759,milk
12665,pork
5293,milk
18620,corn
18620,gluten
18620,wheat
2895,eggs
2895,corn
2895,gluten
2895,soy
2895,wheat
16267,eggs
16267,corn
16267,gluten
16267,soy
16267,wheat
12224,eggs
12224,milk
12224,corn
12224,gluten
12224,wheat
12450,eggs
12450,milk
12450,corn
12450,gluten
12450,wheat
6462,eggs
6462,milk
6462,corn
6462,gluten
6462,soy
6462,wheat
17770,eggs
17770,milk
17770,corn
17770,gluten
17770,soy
17770,wheat
20946,corn
20946,gluten
20946,soy
20946,wheat
12633,eggs
12633,milk
12633,corn
12633,gluten
12633,soy
12633,wheat
17821,eggs
17821,milk
17821,soy
14348,eggs
14348,milk
14348,corn
14348,gluten
14348,soy
14348,wheat
14492,eggs
14492,milk
14492,corn
14492,gluten
14492,soy
14492,wheat
16659,eggs
16659,milk
16659,gluten
16659,soy
16659,wheat
12921,eggs
12921,milk
12921,corn
12921,gluten
12921,peanuts
12921,soy
12921,tree nuts
12921,wheat
17642,corn
17642,gluten
17642,soy
17642,tree nuts
17642,wheat
16662,eggs
16662,milk
16662,corn
5579,milk
5579,corn
5579,soy
15339,eggs
15339,milk
15339,corn
15339,gluten
15339,soy
15339,wheat
14118,eggs
14118,milk
14118,gluten
14118,wheat
12501,eggs
12501,milk
12501,corn
12501,gluten
12501,wheat
14491,corn
14491,gluten
14491,soy
14491,wheat
7347,eggs
7347,milk
7347,corn
7347,gluten
7347,soy
7347,wheat
16519,eggs
16519,gluten
16519,tree nuts
16519,wheat
17383,eggs
17383,milk
17383,gluten
17383,soy
17383,wheat
744,eggs
744,milk
744,corn
744,gluten
744,soy
744,tree nuts
744,wheat
21212,eggs
21212,milk
21212,corn
21212,gluten
21212,soy
21212,wheat
2605,eggs
2605,milk
2605,corn
2605,gluten
2605,soy
2605,wheat
2888,eggs
2888,milk
2888,corn
2888,gluten
2888,soy
2888,wheat
6264,eggs
6264,milk
6264,corn
6264,gluten
6264,soy
6264,wheat
12484,eggs
12484,milk
12484,corn
12484,gluten
12484,wheat
13739,eggs
13739,milk
13739,corn
13739,gluten
13739,wheat
18408,eggs
18408,milk
18408,corn
18408,gluten
18408,soy
18408,wheat
18720,eggs
18720,milk
18720,corn
18720,gluten
18720,soy
18720,wheat
12469,eggs
12469,milk
12469,gluten
12469,soy
12469,wheat
17671,eggs
17671,milk
17671,corn
17671,gluten
17671,wheat
13752,eggs
13752,milk
13752,corn
13752,gluten
13752,wheat
13743,eggs
13743,milk
13743,corn
13743,gluten
13743,wheat
4356,eggs
4356,milk
4356,corn
4356,gluten
4356,soy
4356,wheat
16524,eggs
16524,corn
16524,gluten
16524,wheat
15628,eggs
15628,milk
15628,corn
15628,gluten
15628,soy
15628,wheat
8760,eggs
8760,milk
8760,corn
8760,gluten
8760,soy
8760,tree nuts
8760,wheat
9484,eggs
9484,milk
9484,corn
9484,gluten
9484,soy
9484,tree nuts
9484,wheat
12639,eggs
12639,milk
12639,corn
12639,gluten
12639,soy
12639,tree nuts
12639,wheat
7198,eggs
7198,milk
7198,corn
7198,gluten
7198,soy
7198,wheat
12225,eggs
12225,milk
12225,corn
12225,gluten
12225,wheat
17652,eggs
17652,milk
17652,corn
17652,gluten
17652,soy
17652,wheat
17879,eggs
17879,milk
17879,corn
17879,gluten
17879,soy
17879,wheat
13735,eggs
13735,milk
13735,corn
13735,gluten
13735,wheat
1210,eggs
1210,milk
1210,corn
1210,gluten
1210,wheat
18417,eggs
18417,milk
18417,corn
18417,gluten
18417,soy
18417,wheat
19479,eggs
19479,milk
19479,corn
19479,gluten
19479,soy
19479,wheat
11802,eggs
11802,milk
11802,corn
11802,gluten
11802,soy
11802,wheat
17884,eggs
17884,milk
17884,corn
17884,gluten
17884,soy
17884,wheat
14064,eggs
14064,milk
14064,corn
14064,gluten
14064,soy
14064,wheat
18469,eggs
18469,milk
18469,corn
18469,gluten
18469,wheat
1312,eggs
1312,milk
1312,corn
1312,gluten
1312,wheat
16528,eggs
16528,milk
16528,corn
16528,gluten
16528,soy
16528,wheat
5227,corn
5227,fish
5227,gluten
5227,shellfish
5227,soy
5227,wheat
12863,eggs
12863,milk
12863,corn
12863,gluten
12863,soy
12863,wheat
5493,eggs
5493,milk
5493,corn
5493,gluten
5493,pork
5493,soy
5493,wheat
12861,eggs
12861,milk
12861,corn
12861,gluten
12861,pork
12861,soy
12861,wheat
12222,milk
12222,gluten
12222,peanuts
12222,soy
12222,tree nuts
12222,wheat
6766,corn
6766,gluten
6766,soy
6766,wheat
5480,milk
14386,eggs
14386,milk
14386,corn
14386,soy
3179,milk
3179,corn
3515,milk
7251,milk
7251,corn
7251,gluten
7251,soy
7251,wheat
6781,milk
6781,corn
10744,milk
10744,corn
10744,gluten
10744,soy
10744,wheat
8465,corn
8465,gluten
8465,soy
8465,wheat
9425,corn
9425,gluten
9425,soy
9425,wheat
10402,milk
10402,corn
10402,gluten
10402,soy
10402,wheat
5157,milk
5157,corn
5157,soy
6257,eggs
6257,milk
6257,corn
6257,gluten
6257,soy
6257,wheat
12841,corn
12841,soy
17479,milk
17479,corn
17479,soy
4277,milk
4277,corn
5405,milk
5405,gluten
5405,soy
5405,wheat
7074,eggs
7074,milk
7074,corn
7074,gluten
7074,pork
7074,soy
7074,wheat
10463,eggs
10463,milk
10463,corn
10463,gluten
10463,soy
10463,wheat
4259,milk
9338,milk
9338,corn
9338,gluten
9338,soy
9338,wheat
18220,soy
17272,soy
15601,milk
15601,corn
15601,soy
9239,milk
9239,corn
9239,soy
18243,soy
10733,soy
1622,corn
1622,gluten
1622,soy
1622,wheat
3612,gluten
3612,wheat
13952,corn
13952,gluten
20410,milk
20410,tree nuts
19179,milk
19179,corn
19179,pork
19179,soy
20389,soy
89,milk
89,soy
17103,milk
13832,milk
13832,corn
13832,gluten
13832,soy
13832,wheat
8796,milk
8796,corn
5598,milk
6941,milk
1549,milk
95,milk
408,milk
16702,milk
13314,milk
2432,milk
10058,milk
10058,corn
10058,gluten
10058,soy
10058,wheat
7930,milk
6638,milk
6638,corn
12310,milk
12310,corn
8389,milk
7204,milk
7204,corn
14775,milk
14775,corn
4212,eggs
4212,milk
4212,corn
4212,gluten
4212,soy
4212,wheat
17184,eggs
17184,milk
17184,corn
17184,gluten
17184,soy
17184,wheat
99,milk
99,corn
99,soy
9035,milk
8203,milk
6944,milk
13328,milk
13328,corn
6942,milk
9781,corn
20160,corn
17682,eggs
17682,milk
17682,corn
17682,gluten
17682,soy
17682,wheat
19974,eggs
19974,milk
19974,corn
19974,gluten
19974,soy
19974,wheat
16535,eggs
16535,milk
16535,corn
16535,soy
17108,eggs
17108,milk
17108,corn
17108,gluten
17108,soy
17108,tree nuts
17108,wheat
4818,eggs
4818,milk
4818,corn
4818,gluten
4818,soy
4818,wheat
1670,eggs
1670,milk
1670,corn
1670,gluten
1670,soy
1670,wheat
12492,eggs
12492,milk
12492,corn
12492,gluten
12492,soy
12492,wheat
8466,eggs
8466,milk
8466,corn
8466,gluten
8466,soy
8466,tree nuts
8466,wheat
19436,corn
12850,soy
4024,gluten
4024,soy
4024,wheat
19156,milk
19156,corn
19156,gluten
19156,soy
19156,wheat
17256,eggs
17256,soy
8331,soy
14987,gluten
14987,soy
14987,wheat
5541,gluten
5541,soy
5541,wheat
3086,corn
14272,gluten
14272,soy
14272,wheat
16811,milk
16811,corn
16811,gluten
16811,soy
16811,wheat
12351,corn
12351,soy
15515,milk
15515,corn
15515,pork
15515,soy
5298,eggs
5298,milk
5298,corn
5298,gluten
5298,wheat
12682,milk
12682,corn
12682,gluten
12682,pork
12682,soy
12682,wheat
8154,corn
11621,soy
8213,corn
8213,gluten
8213,soy
8213,wheat
20846,eggs
20846,milk
20846,corn
20846,gluten
20846,soy
20846,wheat
7389,corn
7389,soy
12398,milk
12398,corn
12398,gluten
12398,soy
12398,wheat
10786,milk
10786,corn
10786,soy
9439,milk
9439,corn
9439,soy
4312,soy
14147,milk
14147,corn
10559,milk
10559,corn
10559,soy
5727,milk
2748,gluten
2748,soy
2748,wheat
16380,corn
16380,gluten
16380,soy
16380,wheat
17653,eggs
17653,soy
4765,eggs
4765,soy
13587,eggs
13587,soy
5703,gluten
5703,soy
5703,wheat
15027,corn
15027,gluten
15027,soy
15027,wheat
9408,corn
9408,soy
17162,milk
4137,corn
4137,soy
9763,milk
9763,corn
9763,soy
13302,milk
13302,corn
13302,soy
7511,milk
7511,corn
7511,gluten
7511,peanuts
7511,soy
7511,wheat
8706,corn
8706,gluten
8706,soy
8706,wheat
5155,eggs
5155,milk
5155,corn
5155,gluten
5155,soy
5155,wheat
18819,corn
18819,soy
3327,milk
3327,soy
13784,milk
11698,corn
11698,gluten
11698,soy
11698,wheat
12692,corn
12692,gluten
12692,wheat
10532,corn
10532,gluten
10532,soy
10532,wheat
21180,milk
21180,corn
21180,gluten
21180,soy
21180,wheat
3343,milk
3343,corn
3343,gluten
3343,soy
3343,tree nuts
3343,wheat
9340,milk
9340,corn
9340,soy
13829,corn
13829,gluten
13829,wheat
18245,corn
18245,gluten
18245,wheat
5160,corn
5160,fish
5160,gluten
5160,soy
5160,wheat
4430,soy
10320,soy
5287,corn
5287,gluten
5287,soy
5287,wheat
12669,corn
12669,soy
13088,corn
13088,gluten
13088,soy
13088,wheat
18709,gluten
18709,soy
18709,wheat
17899,milk
17899,corn
17899,gluten
17899,soy
17899,wheat
17674,milk
17674,corn
17674,gluten
17674,soy
17674,wheat
13815,eggs
13815,fish
13815,peanuts
13815,soy
3974,eggs
3974,milk
3974,corn
3974,gluten
3974,soy
3974,wheat
20081,corn
20081,gluten
20081,soy
20081,wheat
22014,milk
22014,corn
22014,gluten
22014,soy
22014,wheat
5475,milk
5475,corn
5475,gluten
5475,soy
5475,wheat
18999,soy
5020,corn
5020,gluten
5020,soy
5020,wheat
4041,milk
4041,corn
4041,gluten
4041,wheat
14487,corn
14487,gluten
14487,peanuts
14487,soy
14487,tree nuts
14487,wheat
17099,corn
19170,milk
19170,corn
19170,soy
11249,milk
11249,corn
11249,soy
14704,corn
14704,gluten
14704,soy
14704,wheat
12694,corn
12694,gluten
12694,soy
12694,wheat
9440,corn
9440,gluten
9440,soy
9440,wheat
8372,corn
8372,gluten
8372,peanuts
8372,soy
8372,wheat
3826,corn
3826,gluten
3826,shellfish
3826,soy
3826,wheat
9642,corn
9642,gluten
9642,soy
9642,wheat
7668,milk
7668,corn
7668,gluten
7668,soy
7668,wheat
13170,soy
21973,corn
21973,gluten
21973,soy
21973,wheat
12847,corn
12847,gluten
12847,soy
12847,wheat
6776,corn
6776,gluten
6776,soy
6776,wheat
5997,corn
5997,gluten
5997,soy
5997,wheat
17296,corn
17296,gluten
17296,soy
17296,wheat
3174,corn
3174,gluten
3174,soy
3174,wheat
17856,milk
17856,corn
17856,soy
15609,milk
15609,corn
19997,milk
19997,soy
18739,corn
18739,gluten
18739,soy
18739,wheat
19639,corn
19639,gluten
19639,soy
19639,wheat
18687,gluten
18687,soy
18687,wheat
10708,milk
10708,corn
10708,gluten
10708,soy
10708,wheat
19933,corn
19933,soy
10768,eggs
10768,milk
10768,corn
10768,fish
10768,soy
10768,tree nuts
10608,corn
10608,gluten
10608,soy
10608,wheat
11158,corn
11158,gluten
11158,soy
11158,wheat
14950,corn
14950,gluten
14950,soy
14950,wheat
16564,corn
16564,gluten
16564,soy
16564,wheat
5221,soy
9647,soy
11020,soy
19696,gluten
19696,soy
19696,wheat
15068,soy
12837,gluten
12837,soy
12837,wheat
22000,soy
18685,soy
10230,milk
10230,corn
10230,soy
12355,corn
12355,gluten
12355,soy
12355,wheat
16578,corn
16578,soy
20963,milk
20963,corn
10892,soy
18705,corn
11649,milk
11649,corn
8775,corn
19623,corn
19623,soy
7182,corn
7182,gluten
7182,wheat
13125,corn
15048,corn
15048,soy
8749,corn
8749,soy
15085,corn
15085,soy
18399,corn
18399,soy
120,milk
120,soy
11858,milk
11859,milk
8966,gluten
8966,soy
8966,wheat
14606,corn
9265,eggs
9265,corn
9265,gluten
9265,shellfish
9265,soy
9265,wheat
4716,eggs
4716,corn
4716,gluten
4716,soy
4716,wheat
13713,tree nuts
12405,soy
9450,soy
7404,milk
7404,corn
7404,gluten
7404,wheat
18424,eggs
18424,milk
18424,corn
18424,gluten
18424,soy
18424,tree nuts
18424,wheat
17573,gluten
17573,soy
17573,wheat
10684,milk
10684,corn
10940,milk
10940,corn
6314,milk
6313,milk
10932,milk
10930,milk
16908,milk
16910,milk
12449,eggs
12449,milk
12449,corn
12449,gluten
12449,tree nuts
12449,wheat
15104,gluten
15104,wheat
7222,eggs
7222,milk
7222,gluten
7222,wheat
7219,eggs
7219,milk
7219,corn
7219,gluten
7219,soy
7219,wheat
7220,eggs
7220,milk
7220,gluten
7220,soy
7220,wheat
12832,eggs
12832,corn
7225,eggs
7225,milk
7225,gluten
7225,soy
7225,wheat
214,eggs
214,milk
214,corn
214,gluten
214,soy
214,wheat
20888,eggs
20888,milk
20888,gluten
20888,soy
20888,wheat
2391,eggs
2391,milk
2391,gluten
2391,soy
2391,wheat
18468,eggs
18468,milk
18468,corn
18468,gluten
18468,peanuts
18468,soy
18468,wheat
210,eggs
210,milk
210,gluten
210,soy
210,wheat
6409,eggs
6409,milk
6409,gluten
6409,soy
6409,tree nuts
6409,wheat
203,eggs
203,milk
203,gluten
203,soy
203,wheat
222,eggs
222,milk
222,gluten
222,wheat
9495,eggs
9495,milk
9495,corn
9495,gluten
9495,soy
9495,wheat
204,eggs
204,milk
204,gluten
204,peanuts
204,soy
204,wheat
13390,eggs
13390,milk
13390,gluten
13390,peanuts
13390,soy
13390,wheat
12474,eggs
12474,milk
12474,corn
12474,gluten
12474,soy
12474,wheat
12473,eggs
12473,milk
12473,corn
12473,gluten
12473,soy
12473,wheat
206,eggs
206,milk
206,gluten
206,wheat
7441,eggs
7441,milk
7441,corn
7441,gluten
7441,soy
7441,tree nuts
7441,wheat
7223,eggs
7223,milk
7223,gluten
7223,soy
7223,tree nuts
7223,wheat
17643,corn
7221,eggs
7221,milk
7221,gluten
7221,wheat
7224,eggs
7224,milk
7224,gluten
7224,peanuts
7224,soy
7224,wheat
1196,milk
1196,corn
1196,gluten
1196,soy
1196,wheat
20948,eggs
20948,milk
20948,gluten
20948,soy
20948,wheat
4520,eggs
4520,milk
4520,gluten
4520,soy
4520,wheat
7853,corn
7526,milk
7526,corn
535,corn
18431,eggs
18431,milk
18431,corn
18431,gluten
18431,pork
18431,soy
18431,wheat
5701,eggs
5701,milk
5701,corn
5701,gluten
5701,soy
5701,wheat
14405,eggs
14405,milk
14405,corn
14405,soy
19944,milk
19944,corn
19944,gluten
19944,soy
19944,wheat
14935,eggs
14935,milk
14935,corn
14935,soy
14936,corn
14936,soy
3114,corn
8225,corn
14766,corn
3578,corn
566,corn
9460,corn
2919,eggs
2919,milk
2919,corn
2919,gluten
2919,soy
2919,wheat
19741,eggs
19741,milk
19741,corn
19741,gluten
19741,soy
19741,wheat
13234,eggs
13234,milk
13234,corn
13234,gluten
13234,soy
13234,wheat
17237,eggs
17237,milk
17237,corn
17237,gluten
17237,soy
17237,wheat
15833,gluten
15833,wheat
16620,corn
16620,gluten
16620,wheat
5329,gluten
5329,wheat
4741,corn
4741,gluten
4741,soy
4741,wheat
13869,eggs
13869,milk
13869,corn
13869,fish
13869,gluten
13869,shellfish
13869,soy
13869,wheat
5498,eggs
5498,milk
5498,corn
5498,gluten
5498,shellfish
5498,soy
5498,wheat
13439,milk
13439,corn
13439,soy
19426,corn
19426,gluten
19426,soy
19426,wheat
10728,eggs
10728,milk
10728,gluten
10728,soy
10728,wheat
6292,eggs
6292,milk
6292,corn
6292,gluten
6292,soy
6292,tree nuts
6292,wheat
9519,eggs
9519,milk
9519,corn
9519,gluten
9519,soy
9519,tree nuts
9519,wheat
6291,eggs
6291,milk
6291,corn
6291,gluten
6291,soy
6291,tree nuts
6291,wheat
6219,eggs
6219,milk
6219,gluten
6219,soy
6219,wheat
6290,eggs
6290,milk
6290,corn
6290,gluten
6290,soy
6290,tree nuts
6290,wheat
4004,eggs
4004,milk
4004,gluten
4004,soy
4004,wheat
11533,eggs
11533,milk
11533,corn
11533,gluten
11533,pork
11533,soy
11533,wheat
8446,milk
8446,gluten
8446,wheat
14812,eggs
14812,milk
14812,corn
14812,gluten
14812,soy
14812,wheat
11793,eggs
11793,milk
11793,corn
11793,gluten
11793,soy
11793,wheat
13648,corn
13648,gluten
13648,soy
13648,wheat
12931,eggs
12931,milk
12931,gluten
12931,wheat
10666,eggs
10666,milk
10666,corn
10666,gluten
10666,wheat
17359,eggs
17359,milk
17359,corn
17359,gluten
17359,soy
17359,wheat
13524,eggs
13524,milk
13524,corn
13524,gluten
13524,soy
13524,tree nuts
13524,wheat
13525,eggs
13525,milk
13525,corn
13525,gluten
13525,soy
13525,wheat
17260,eggs
17260,milk
17260,corn
17260,gluten
17260,soy
17260,wheat
12894,eggs
12894,milk
12894,corn
12894,gluten
12894,soy
12894,wheat
4236,eggs
4236,milk
4236,corn
4236,gluten
4236,soy
4236,tree nuts
4236,wheat
12895,eggs
12895,milk
12895,corn
12895,gluten
12895,soy
12895,wheat
20046,eggs
20046,milk
20046,corn
20046,gluten
20046,soy
20046,wheat
5080,eggs
5080,milk
5080,corn
5080,gluten
5080,soy
5080,wheat
12896,eggs
12896,milk
12896,corn
12896,gluten
12896,soy
12896,wheat
17265,eggs
17265,milk
17265,corn
17265,gluten
17265,soy
17265,wheat
16265,eggs
16265,milk
16265,corn
16265,gluten
16265,soy
16265,wheat
19335,eggs
19335,milk
19335,corn
19335,gluten
19335,soy
19335,wheat
14616,eggs
14616,milk
14616,corn
14616,gluten
14616,soy
14616,wheat
20047,eggs
20047,milk
20047,corn
20047,gluten
20047,soy
20047,wheat
12898,eggs
12898,milk
12898,corn
12898,gluten
12898,soy
12898,wheat
12899,eggs
12899,milk
12899,corn
12899,gluten
12899,soy
12899,wheat
5462,eggs
5462,milk
5462,corn
5462,gluten
5462,pork
5462,soy
5462,wheat
11620,eggs
11620,milk
11620,corn
11620,pork
11620,soy
22,corn
39,pork
18861,milk
18861,gluten
18861,tree nuts
18861,wheat
18842,eggs
18842,milk
18842,corn
18842,tree nuts
19223,milk
19223,soy
10852,milk
10852,corn
18548,corn
18548,gluten
18548,soy
18548,wheat
21126,eggs
21126,milk
21126,corn
21126,gluten
21126,soy
21126,wheat
3965,eggs
3965,milk
3965,corn
3965,gluten
3965,peanuts
3965,soy
3965,wheat
10650,eggs
10650,milk
10650,corn
10650,gluten
10650,soy
10650,wheat
10899,eggs
10899,milk
10899,corn
10899,gluten
10899,soy
10899,wheat
15093,eggs
15093,milk
15093,corn
15093,gluten
15093,soy
15093,wheat
14689,eggs
14689,corn
14689,gluten
14689,soy
14689,wheat
21809,gluten
21809,wheat
18193,eggs
18193,milk
18193,corn
18193,soy
1948,eggs
1948,milk
1948,corn
1948,soy
1658,soy
17485,soy
708,soy
3584,eggs
3584,milk
3584,corn
3584,soy
1188,eggs
1188,soy
805,corn
805,soy
10064,soy
14994,corn
14994,soy
7541,eggs
7541,milk
7541,corn
7541,soy
7896,eggs
7896,milk
7896,soy
1868,eggs
1868,milk
1868,soy
1864,milk
1864,corn
1864,soy
2816,eggs
2816,corn
2816,soy
11741,corn
11741,gluten
11741,soy
11741,wheat
2371,eggs
2371,soy
13795,soy
17387,soy
17416,soy
18231,corn
18231,fish
18231,gluten
18231,shellfish
18231,soy
18231,wheat
20352,corn
20352,fish
20352,gluten
20352,shellfish
20352,soy
20352,wheat
3479,eggs
3479,milk
3479,corn
3479,gluten
3479,soy
3479,wheat
18000,eggs
18000,soy
1334,eggs
9090,eggs
9090,milk
9090,corn
9090,soy
10976,eggs
10976,corn
10976,fish
10976,gluten
10976,pork
10976,soy
10976,wheat
4206,eggs
4206,corn
4206,gluten
4206,soy
4206,wheat
17557,eggs
5127,eggs
5127,milk
5127,corn
5127,gluten
5127,pork
5127,soy
5127,wheat
12372,milk
12372,soy
10722,gluten
10722,soy
10722,wheat
5540,milk
5540,corn
5540,soy
3276,milk
3276,corn
3276,soy
7469,eggs
7469,milk
7469,corn
7469,gluten
7469,soy
7469,wheat
3920,milk
3920,corn
3920,gluten
3920,soy
3920,wheat
17589,corn
17589,gluten
17589,soy
17589,wheat
6426,corn
6426,gluten
6426,soy
6426,wheat
9086,corn
9086,gluten
9086,soy
9086,wheat
9522,eggs
9522,milk
9522,corn
9522,gluten
9522,pork
9522,soy
9522,wheat
20013,eggs
20013,milk
20013,corn
20013,fish
20013,gluten
20013,soy
20013,wheat
3705,eggs
3705,corn
3705,soy
3136,eggs
7674,eggs
7674,milk
7674,corn
7674,pork
3791,eggs
3791,soy
8837,eggs
8837,soy
7975,eggs
7975,milk
7975,soy
12797,eggs
12797,milk
12797,soy
11638,eggs
11638,pork
11638,soy
21742,eggs
21742,milk
21742,gluten
21742,soy
21742,wheat
18540,eggs
18540,gluten
18540,soy
18540,wheat
3301,eggs
4511,corn
4511,gluten
4511,soy
4511,wheat
21541,eggs
21541,gluten
21541,wheat
21516,milk
21516,gluten
21516,wheat
21548,milk
21548,corn
21548,soy
21565,eggs
21565,corn
21565,gluten
21565,soy
21565,wheat
22009,eggs
22009,milk
22009,corn
22009,gluten
22009,wheat
17617,eggs
17617,milk
17617,gluten
17617,wheat
21785,eggs
21785,milk
21785,corn
21785,gluten
21785,soy
21785,wheat
21539,gluten
21539,wheat
21514,eggs
21514,milk
21514,corn
21514,gluten
21514,soy
21514,wheat
21543,eggs
21543,milk
21543,corn
21543,gluten
21543,soy
21543,wheat
21544,milk
21544,corn
21544,gluten
21544,soy
21544,wheat
21718,eggs
21718,milk
21718,gluten
21718,soy
21718,wheat
21530,eggs
21530,milk
21530,gluten
21530,soy
21530,wheat
21545,milk
21545,corn
21545,pork
21546,eggs
21546,milk
21546,gluten
21546,soy
21546,wheat
21519,corn
21519,gluten
21519,soy
21519,tree nuts
21519,wheat
21537,eggs
21537,milk
21537,corn
21569,tree nuts
21520,eggs
21520,milk
21520,corn
21520,gluten
21520,pork
21520,soy
21520,wheat
21517,eggs
21517,milk
21517,corn
21517,gluten
21517,soy
21517,wheat
21523,milk
21523,corn
21523,gluten
21523,pork
21523,soy
21523,wheat
21526,milk
21526,corn
21526,gluten
21526,soy
21526,wheat
21527,milk
21527,corn
21527,gluten
21527,soy
21527,wheat
21532,milk
21532,corn
21532,gluten
21532,soy
21532,wheat
21551,milk
21552,corn
21552,gluten
21552,soy
21552,wheat
21512,milk
21512,corn
21512,gluten
21512,soy
21512,wheat
21513,eggs
21513,milk
21513,corn
21513,gluten
21513,soy
21513,wheat
21534,corn
21534,gluten
21534,soy
21534,wheat
21536,corn
21536,gluten
21536,soy
21536,wheat
16181,milk
16181,corn
16181,fish
16181,gluten
16181,shellfish
16181,soy
16181,wheat
11619,milk
11619,gluten
11619,shellfish
11619,wheat
13975,soy
17194,gluten
17194,wheat
15342,gluten
15342,wheat
15081,corn
15081,soy
12392,gluten
12392,wheat
984,corn
978,corn
13676,corn
13676,soy
7761,fish
5177,fish
5177,soy
16188,milk
16188,corn
16188,fish
16188,gluten
16188,soy
16188,wheat
4945,corn
4945,fish
4945,gluten
4945,soy
4945,wheat
15169,corn
15169,fish
15169,gluten
15169,soy
15169,wheat
5486,eggs
5486,corn
5486,fish
5486,gluten
5486,soy
5486,wheat
7430,corn
7430,fish
7430,gluten
7430,soy
7430,wheat
20541,fish
20540,fish
20540,gluten
20540,soy
20540,wheat
14629,milk
14629,fish
20537,corn
20537,fish
20537,gluten
20537,wheat
20544,milk
20544,fish
20544,gluten
20544,wheat
20543,milk
20543,fish
20539,corn
20539,fish
20539,soy
20804,fish
16621,eggs
16621,fish
16621,soy
16650,fish
16650,soy
13520,fish
10683,fish
10683,gluten
10683,soy
10683,wheat
10535,fish
10535,gluten
10535,soy
10535,wheat
823,fish
5600,milk
5600,fish
11060,fish
11060,soy
21354,fish
21354,gluten
21354,soy
21354,wheat
21355,fish
17242,fish
17242,soy
21357,fish
12423,milk
12423,corn
12423,fish
9072,corn
9072,fish
9072,gluten
9072,soy
9072,wheat
6485,fish
21273,fish
18237,eggs
18237,corn
18237,fish
18237,gluten
18237,soy
18237,wheat
20936,milk
20936,corn
20936,fish
20936,soy
18233,milk
18233,fish
18233,soy
18678,milk
18678,fish
18678,soy
17614,milk
17614,fish
9118,fish
18103,fish
18103,soy
8226,fish
8226,soy
19023,milk
19023,fish
243,fish
243,soy
19724,fish
19724,gluten
19724,soy
19724,wheat
20975,fish
20975,gluten
20975,soy
20975,wheat
17317,fish
5506,eggs
5506,milk
17457,eggs
17457,milk
18148,eggs
18148,milk
10545,eggs
10545,milk
10545,corn
10545,gluten
10545,soy
10545,wheat
6293,eggs
6293,milk
6293,corn
6293,gluten
6293,soy
6293,wheat
14894,eggs
14894,milk
14894,corn
14894,gluten
14894,soy
14894,tree nuts
14894,wheat
3998,eggs
3998,milk
3998,corn
3998,gluten
3998,soy
3998,wheat
21768,eggs
21768,milk
21768,corn
21768,gluten
21768,soy
21768,wheat
15189,milk
15189,corn
15189,gluten
15189,soy
15189,wheat
14740,soy
7234,corn
7234,gluten
7234,soy
7234,wheat
18383,corn
18383,gluten
18383,soy
18383,wheat
3147,corn
3147,soy
17174,corn
17174,soy
3112,corn
3112,gluten
3112,soy
3112,wheat
21155,milk
21155,corn
21155,pork
21155,soy
12960,soy
18090,soy
7236,corn
7236,soy
3665,corn
3665,gluten
3665,soy
3665,wheat
17534,milk
17534,corn
17534,gluten
17534,soy
17534,wheat
16554,corn
16554,soy
9218,corn
9218,soy
7435,corn
7435,gluten
7435,soy
7435,wheat
18252,milk
18252,corn
18252,soy
16184,corn
16184,soy
7231,corn
7231,gluten
7231,soy
7231,wheat
17576,corn
17576,soy
7799,eggs
7799,milk
16591,eggs
16591,milk
16591,corn
16591,gluten
16591,soy
16591,wheat
16234,milk
17340,gluten
17340,wheat
6267,milk
6267,corn
6267,gluten
6267,wheat
6622,soy
18471,corn
18471,gluten
18471,wheat
13141,eggs
13141,corn
17998,eggs
17998,milk
16651,eggs
16651,milk
16651,corn
16651,gluten
16651,soy
16651,wheat
5263,eggs
5263,milk
5263,corn
5263,gluten
5263,soy
5263,tree nuts
5263,wheat
17636,eggs
17636,milk
17636,corn
17636,gluten
17636,soy
17636,tree nuts
17636,wheat
20769,gluten
20769,wheat
3211,corn
3129,milk
3129,corn
3129,gluten
3129,wheat
3130,milk
3130,corn
3130,gluten
3130,wheat
5150,milk
5150,corn
5150,gluten
5150,wheat
10629,milk
10629,corn
10629,gluten
10629,soy
10629,wheat
5528,milk
5528,corn
5528,gluten
5528,soy
5528,wheat
6011,milk
6011,gluten
6011,wheat
18102,corn
18102,gluten
18102,soy
18102,wheat
3303,milk
3303,gluten
3303,pork
3303,wheat
7351,milk
7351,corn
7351,gluten
7351,wheat
14933,milk
14933,corn
14933,gluten
14933,soy
14933,wheat
7492,milk
7492,corn
7492,soy
14948,corn
14948,soy
4814,corn
4814,pork
15691,pork
5529,milk
5529,corn
3346,pork
3627,corn
6406,milk
6406,corn
6406,pork
6406,shellfish
15050,corn
5433,milk
5433,corn
5433,gluten
5433,pork
5433,soy
5433,wheat
17212,eggs
17212,milk
17212,corn
17212,fish
17212,gluten
17212,pork
17212,shellfish
17212,soy
17212,wheat
12441,corn
12441,gluten
12441,wheat
21475,gluten
21475,soy
21475,wheat
7984,milk
7984,corn
7984,soy
3405,corn
3405,pork
3405,soy
21953,milk
21953,gluten
21953,wheat
13034,milk
13034,corn
13034,gluten
13034,soy
13034,wheat
21955,milk
21955,corn
21955,gluten
21955,soy
21955,wheat
10924,milk
10924,corn
10924,gluten
10924,soy
10924,wheat
10864,milk
10864,corn
10864,gluten
10864,soy
10864,wheat
10923,eggs
10923,milk
10923,corn
10923,pork
10923,soy
10920,tree nuts
12879,corn
12879,gluten
12879,soy
12879,wheat
10117,eggs
10117,milk
10117,corn
10117,fish
10117,gluten
10117,soy
10117,wheat
17832,corn
10119,eggs
10119,corn
10119,gluten
10119,shellfish
10119,soy
10119,wheat
7246,soy
2924,milk
2924,corn
2924,soy
14964,milk
8151,corn
8151,soy
5623,eggs
5623,milk
5623,corn
5623,gluten
5623,soy
5623,wheat
1113,milk
1113,corn
19021,milk
19021,corn
7546,milk
7546,corn
7546,tree nuts
4054,eggs
4054,milk
4054,corn
4054,gluten
4054,peanuts
4054,soy
4054,tree nuts
4054,wheat
5323,corn
5323,soy
1233,pork
5711,milk
5711,corn
5711,gluten
5711,soy
5711,wheat
15571,milk
15571,corn
15571,gluten
15571,soy
15571,wheat
4657,soy
574,corn
9314,corn
19305,soy
831,corn
14561,corn
14561,fish
14561,soy
360,corn
7543,fish
7543,shellfish
6416,milk
6416,gluten
6416,wheat
7978,soy
18802,milk
18802,gluten
18802,soy
18802,wheat
5234,corn
12889,corn
12889,soy
9427,corn
9427,gluten
9427,soy
9427,tree nuts
9427,wheat
3458,eggs
3458,milk
3458,corn
3458,gluten
3458,soy
3458,wheat
6644,eggs
6644,milk
6644,corn
6644,gluten
6644,wheat
3272,eggs
3272,milk
3272,corn
3272,gluten
3272,soy
3272,wheat
11748,gluten
11748,soy
11748,wheat
5478,eggs
5478,milk
5478,corn
5478,gluten
5478,soy
5478,wheat
10679,gluten
10679,soy
10679,wheat
5985,eggs
5985,milk
5985,corn
5985,gluten
5985,soy
5985,wheat
13967,corn
13967,soy
5254,corn
5254,fish
5254,shellfish
5254,soy
17897,milk
17897,soy
5267,corn
5267,soy
19631,corn
19631,soy
3077,milk
3077,gluten
3077,wheat
14028,milk
14028,corn
14028,gluten
14028,soy
14028,wheat
18146,eggs
18146,milk
18146,gluten
18146,wheat
12205,eggs
12205,milk
12205,corn
12205,gluten
12205,soy
12205,wheat
14631,corn
14631,gluten
14631,wheat
6068,milk
6068,corn
6068,fish
6068,gluten
6068,pork
6068,soy
6068,wheat
5982,milk
5982,corn
13300,milk
13300,soy
818,eggs
818,soy
2599,eggs
2599,soy
9071,eggs
9071,soy
17448,eggs
17448,soy
1529,eggs
1529,milk
1529,gluten
1529,soy
1529,wheat
5495,eggs
5495,milk
5495,corn
5495,gluten
5495,soy
5495,wheat
18986,milk
18986,corn
18986,gluten
18986,soy
18986,wheat
10469,gluten
10469,soy
10469,wheat
13663,eggs
13663,milk
13663,gluten
13663,soy
13663,wheat
12350,eggs
12350,milk
12350,gluten
12350,soy
12350,wheat
4411,eggs
4411,milk
4411,corn
4411,gluten
4411,soy
4411,wheat
5473,eggs
5473,milk
5473,corn
5473,gluten
5473,soy
5473,wheat
17473,eggs
17473,milk
17473,corn
17473,gluten
17473,soy
17473,wheat
7871,eggs
7871,corn
7871,gluten
7871,soy
7871,wheat
12678,eggs
12678,corn
12678,gluten
12678,soy
12678,wheat
16257,soy
22062,corn
22062,gluten
22062,soy
22062,wheat
12666,corn
12666,gluten
12666,pork
12666,soy
12666,wheat
17632,corn
17632,gluten
17632,soy
17632,wheat
6927,milk
9768,tree nuts
8653,milk
6060,soy
971,milk
8684,milk
337,milk
337,corn
337,soy
12168,corn
12168,gluten
12168,wheat
13518,eggs
13518,milk
13518,corn
13518,gluten
13518,soy
13518,wheat
6214,milk
6214,corn
6214,soy
11630,corn
11630,gluten
11630,soy
11630,wheat
13285,milk
13285,corn
13285,gluten
13285,pork
13285,soy
13285,wheat
5606,eggs
5606,milk
5606,corn
5606,gluten
5606,soy
5606,tree nuts
5606,wheat
10345,eggs
10345,milk
10345,corn
10345,gluten
10345,soy
10345,tree nuts
10345,wheat
10346,eggs
10346,milk
10346,corn
10346,gluten
10346,soy
10346,wheat
10356,eggs
10356,milk
10356,corn
10356,gluten
10356,soy
10356,wheat
10358,eggs
10358,milk
10358,corn
10358,gluten
10358,soy
10358,wheat
10350,eggs
10350,milk
10350,corn
10350,gluten
10350,soy
10350,wheat
10077,eggs
10077,milk
10077,corn
10077,gluten
10077,soy
10077,wheat
17757,corn
10351,eggs
10351,milk
10351,corn
10351,gluten
10351,soy
10351,wheat
10293,eggs
10293,milk
10293,corn
10293,gluten
10293,soy
10293,wheat
10297,eggs
10297,milk
10297,corn
10297,gluten
10297,soy
10297,wheat
10300,eggs
10300,milk
10300,gluten
10300,soy
10300,tree nuts
10300,wheat
10352,eggs
10352,milk
10352,gluten
10352,soy
10352,tree nuts
10352,wheat
10364,eggs
10364,milk
10364,corn
10364,gluten
10364,soy
10364,tree nuts
10364,wheat
20104,eggs
20104,milk
20104,corn
20104,gluten
20104,soy
20104,wheat
21454,eggs
21454,corn
21454,gluten
21454,soy
21454,wheat
21453,eggs
21453,milk
21453,corn
21453,gluten
21453,soy
21453,wheat
927,eggs
927,milk
927,corn
927,gluten
927,soy
927,tree nuts
927,wheat
7561,corn
7561,soy
15413,soy
9399,eggs
9399,milk
9399,corn
9399,gluten
9399,soy
9399,wheat
3713,eggs
3713,milk
3713,corn
3713,gluten
3713,soy
3713,wheat
5629,milk
5629,corn
5629,soy
10010,corn
10010,soy
18343,gluten
18343,soy
18343,wheat
10422,milk
10422,corn
10422,shellfish
5449,eggs
5449,gluten
5449,wheat
13699,eggs
13699,corn
13699,gluten
13699,wheat
17117,corn
17117,gluten
17117,wheat
11704,corn
11704,gluten
11704,soy
11704,wheat
10778,corn
10778,gluten
10778,shellfish
10778,soy
10778,wheat
5697,eggs
5697,corn
5697,gluten
5697,shellfish
5697,soy
5697,wheat
17530,soy
5300,gluten
5300,soy
5300,wheat
7817,tree nuts
895,tree nuts
2283,tree nuts
2546,peanuts
2546,soy
2546,tree nuts
6381,peanuts
8146,peanuts
8146,tree nuts
2293,milk
2293,gluten
2293,tree nuts
2293,wheat
19231,gluten
19231,tree nuts
19232,corn
19232,gluten
19232,soy
19232,tree nuts
19232,wheat
18106,soy
1208,soy
13971,eggs
13971,gluten
13971,soy
13971,wheat
3502,eggs
3502,corn
3502,gluten
3502,soy
3502,wheat
6289,eggs
6289,milk
6289,corn
6289,pork
12548,eggs
12548,milk
12548,corn
12548,pork
3692,eggs
3692,milk
3692,pork
3132,milk
3132,corn
3132,gluten
3132,soy
3132,wheat
17175,milk
17175,corn
17175,gluten
17175,soy
17175,wheat
3315,soy
1151,gluten
1151,wheat
4839,gluten
4839,soy
4839,wheat
13319,milk
13319,corn
13319,gluten
13319,soy
13319,wheat
6146,eggs
6146,fish
6146,peanuts
6146,shellfish
6146,soy
16563,eggs
16563,soy
5554,eggs
5554,gluten
5554,soy
5554,wheat
5661,corn
5661,pork
5661,shellfish
20207,corn
20207,soy
11210,soy
12585,eggs
12585,milk
12585,corn
12585,gluten
12585,soy
12585,wheat
14939,milk
14939,corn
14939,gluten
14939,soy
14939,wheat
9300,milk
9300,corn
9300,gluten
9300,soy
9300,wheat
4129,milk
4129,corn
4129,gluten
4129,soy
4129,wheat
2949,milk
2949,corn
2949,gluten
2949,soy
2949,wheat
12681,milk
12681,corn
12681,gluten
12681,soy
12681,wheat
20925,milk
20925,corn
20925,gluten
20925,soy
20925,wheat
8491,milk
8491,corn
8491,gluten
8491,soy
8491,wheat
12433,milk
12433,corn
12433,gluten
12433,soy
12433,wheat
16580,milk
16580,corn
16580,gluten
16580,soy
16580,wheat
16758,milk
16758,peanuts
16758,soy
16758,tree nuts
10894,milk
10894,gluten
10894,soy
10894,wheat
10688,milk
10688,soy
16988,milk
16988,corn
16988,gluten
16988,soy
16988,wheat
17919,milk
17919,corn
17919,gluten
17919,soy
17919,wheat
8166,milk
8166,corn
8166,pork
8166,soy
8167,eggs
8167,soy
12496,milk
12496,corn
12496,gluten
12496,soy
12496,wheat
6564,eggs
6564,milk
6564,corn
6564,gluten
6564,soy
6564,wheat
12885,tree nuts
18761,corn
18761,gluten
18761,shellfish
18761,soy
18761,wheat
7125,corn
7125,fish
7125,gluten
7125,shellfish
7125,soy
7125,wheat
7336,corn
7336,soy
17136,gluten
17136,wheat
18447,gluten
18447,wheat
6828,eggs
6828,milk
6828,corn
6828,fish
6828,gluten
6828,shellfish
6828,soy
6828,wheat
15620,milk
15620,corn
15620,gluten
15620,pork
15620,soy
15620,wheat
5181,gluten
5181,wheat
4415,gluten
4415,wheat
4489,eggs
4489,gluten
4489,wheat
10614,milk
10614,corn
10614,gluten
10614,soy
10614,wheat
21862,gluten
21862,wheat
6808,milk
6808,gluten
6808,wheat
17544,milk
17544,gluten
17544,wheat
21866,milk
21866,gluten
21866,wheat
13664,eggs
13664,gluten
13664,wheat
13213,gluten
13213,tree nuts
13213,wheat
14900,gluten
14900,wheat
17298,gluten
17298,tree nuts
17298,wheat
5215,gluten
5215,wheat
19057,corn
19057,soy
14470,gluten
14470,wheat
3907,eggs
3907,milk
3907,corn
3907,gluten
3907,soy
3907,wheat
5729,milk
5729,corn
5729,gluten
5729,soy
5729,wheat
11751,gluten
11751,soy
11751,wheat
15084,gluten
15084,wheat
6774,milk
6774,corn
6774,gluten
6774,soy
6774,wheat
9415,milk
9415,gluten
9415,wheat
8970,milk
8970,corn
8970,gluten
8970,soy
8970,wheat
9857,milk
9857,corn
9857,gluten
9857,pork
9857,soy
9857,wheat
7354,milk
7354,corn
7354,gluten
7354,soy
7354,wheat
16648,milk
16648,corn
16648,gluten
16648,soy
16648,wheat
17209,milk
17209,corn
17209,gluten
17209,pork
17209,soy
17209,wheat
4153,gluten
4153,wheat
13238,milk
13238,corn
13238,gluten
13238,soy
13238,wheat
6763,corn
6763,gluten
6763,soy
6763,wheat
15078,corn
15078,gluten
15078,soy
15078,wheat
5317,gluten
5317,wheat
11070,gluten
11070,wheat
5129,milk
5129,corn
5129,gluten
5129,soy
5129,wheat
11635,gluten
11635,wheat
3731,gluten
3731,wheat
21982,gluten
21982,wheat
16533,corn
17185,eggs
17185,milk
17185,corn
17185,gluten
17185,soy
17185,wheat
14047,eggs
14047,milk
14047,gluten
14047,wheat
4211,eggs
4211,milk
4211,corn
4211,gluten
4211,soy
4211,wheat
3274,milk
3274,corn
3274,gluten
3274,wheat
4949,gluten
4949,wheat
3237,milk
3237,corn
3237,gluten
3237,soy
3237,wheat
16708,gluten
16708,wheat
13991,gluten
13991,soy
13991,wheat
18716,eggs
18716,milk
18716,corn
18716,gluten
18716,soy
18716,wheat
5339,eggs
5339,milk
5339,corn
5339,gluten
5339,soy
5339,wheat
11628,eggs
11628,milk
11628,corn
11628,gluten
11628,soy
11628,wheat
18492,gluten
18492,wheat
7756,eggs
7756,milk
7756,corn
7756,gluten
7756,soy
7756,wheat
11531,eggs
11531,milk
11531,corn
11531,gluten
11531,soy
11531,wheat
9753,corn
9753,gluten
9753,soy
9753,wheat
21995,milk
21994,milk
15550,soy
5413,corn
5413,soy
9524,milk
13811,corn
13811,gluten
13811,soy
13811,wheat
5545,gluten
5545,wheat
8169,corn
8169,gluten
8169,soy
8169,wheat
9270,milk
9270,corn
9270,gluten
9270,soy
9270,wheat
16848,corn
16848,gluten
16848,soy
16848,wheat
17672,soy
13841,milk
13841,corn
13841,soy
16523,milk
16523,pork
16745,corn
16745,gluten
16745,wheat
11141,corn
11141,gluten
11141,soy
11141,wheat
8476,eggs
8476,milk
8476,corn
8476,gluten
8476,soy
8476,tree nuts
8476,wheat
2659,milk
2659,corn
2659,gluten
2659,soy
2659,wheat
17226,milk
17226,corn
17226,gluten
17226,soy
17226,tree nuts
17226,wheat
12638,milk
12638,corn
12638,gluten
12638,soy
12638,wheat
12235,milk
12235,corn
12235,gluten
12235,soy
12235,wheat
2620,milk
2620,corn
2620,gluten
2620,soy
2620,wheat
18311,corn
18311,gluten
18311,soy
18311,wheat
10232,milk
10232,corn
10232,gluten
10232,soy
10232,wheat
18313,milk
18313,corn
18313,gluten
18313,soy
18313,wheat
2463,eggs
2463,milk
2463,corn
2463,gluten
2463,soy
2463,wheat
18314,eggs
18314,milk
18314,corn
18314,gluten
18314,soy
18314,wheat
15604,eggs
15604,milk
15604,gluten
15604,soy
15604,wheat
13742,eggs
13742,milk
13742,corn
13742,gluten
13742,soy
13742,wheat
2830,corn
2830,gluten
2830,soy
2830,wheat
13741,milk
13741,corn
13741,gluten
13741,soy
13741,wheat
18310,corn
18310,gluten
18310,soy
18310,wheat
13904,milk
13904,corn
13904,gluten
13904,soy
13904,wheat
12637,milk
12637,corn
12637,gluten
12637,soy
12637,wheat
12448,eggs
12448,milk
12448,corn
12448,gluten
12448,soy
12448,wheat
15892,milk
15892,corn
15892,gluten
15892,peanuts
15892,soy
15892,wheat
6080,milk
6080,corn
6080,gluten
6080,peanuts
6080,soy
6080,wheat
1471,milk
1471,corn
1471,gluten
1471,soy
1471,wheat
12927,eggs
12927,milk
12927,corn
12927,gluten
12927,soy
12927,wheat
6199,milk
6199,corn
6199,gluten
6199,soy
6199,wheat
10234,corn
10234,gluten
10234,soy
10234,wheat
12453,corn
12453,gluten
12453,soy
12453,wheat
1174,eggs
1174,milk
1174,corn
1174,gluten
1174,soy
1174,wheat
18312,eggs
18312,milk
18312,corn
18312,gluten
18312,soy
18312,wheat
15671,milk
15671,corn
15671,gluten
15671,soy
15671,wheat
2757,eggs
2757,corn
2757,gluten
2757,soy
2757,wheat
10235,corn
10235,gluten
10235,soy
10235,wheat
18304,corn
18304,gluten
18304,soy
18304,wheat
12237,milk
12237,gluten
12237,soy
12237,wheat
13733,eggs
13733,milk
13733,corn
13733,gluten
13733,soy
13733,tree nuts
13733,wheat
13734,eggs
13734,milk
13734,corn
13734,gluten
13734,soy
13734,tree nuts
13734,wheat
2302,eggs
2302,milk
2302,corn
2302,gluten
2302,soy
2302,tree nuts
2302,wheat
16261,eggs
16261,milk
16261,gluten
16261,soy
16261,wheat
7097,milk
7097,corn
7097,gluten
7097,soy
7097,tree nuts
7097,wheat
10237,corn
10237,gluten
10237,soy
10237,wheat
13736,eggs
13736,milk
13736,gluten
13736,soy
13736,wheat
13737,eggs
13737,milk
13737,gluten
13737,soy
13737,wheat
6224,eggs
6224,milk
6224,gluten
6224,soy
6224,wheat
13744,eggs
13744,milk
13744,gluten
13744,soy
13744,wheat
12226,eggs
12226,milk
12226,gluten
12226,soy
12226,wheat
7680,gluten
7680,soy
7680,wheat
10845,corn
10845,gluten
10845,soy
10845,wheat
5370,milk
5370,corn
5370,gluten
5370,soy
5370,wheat
6757,milk
6757,corn
6757,gluten
6757,soy
6757,wheat
6212,milk
6212,corn
6212,gluten
6212,soy
6212,wheat
17975,milk
17975,corn
17975,gluten
17975,soy
17975,wheat
10584,milk
10584,corn
10584,gluten
10584,pork
10584,soy
10584,wheat
10467,milk
10467,corn
10467,gluten
10467,pork
10467,soy
10467,wheat
10466,milk
10466,corn
10466,gluten
10466,pork
10466,soy
10466,wheat
7005,milk
7005,corn
7005,gluten
7005,soy
7005,wheat
12743,milk
12743,corn
12743,gluten
12743,pork
12743,soy
12743,wheat
10449,milk
10449,corn
10449,gluten
10449,soy
10449,wheat
9441,milk
9441,corn
9441,gluten
9441,soy
9441,wheat
12771,milk
12771,corn
12771,gluten
12771,soy
12771,wheat
18744,milk
18744,corn
18744,gluten
18744,soy
18744,wheat
10453,milk
10453,corn
10453,gluten
10453,soy
10453,wheat
10451,milk
10451,corn
10451,gluten
10451,soy
10451,wheat
6995,eggs
6995,milk
6995,corn
6995,gluten
6995,pork
6995,soy
6995,wheat
12593,eggs
12593,milk
12593,corn
12593,gluten
12593,pork
12593,soy
12593,wheat
6005,eggs
6005,milk
6005,corn
6005,gluten
6005,pork
6005,soy
6005,wheat
12550,eggs
12550,milk
12550,corn
12550,gluten
12550,soy
12550,wheat
8872,milk
8872,corn
8872,gluten
8872,soy
8872,wheat
9428,milk
9428,corn
9428,gluten
9428,pork
9428,shellfish
9428,soy
9428,wheat
20907,milk
20907,corn
20907,gluten
20907,pork
20907,shellfish
20907,soy
20907,wheat
10787,milk
10787,corn
10787,gluten
10787,soy
10787,wheat
8698,milk
8698,corn
8698,gluten
8698,pork
8698,soy
8698,wheat
12750,milk
12750,corn
12750,gluten
12750,pork
12750,soy
12750,wheat
18480,milk
18480,corn
18480,gluten
18480,soy
18480,wheat
15079,milk
15079,corn
15079,gluten
15079,soy
15079,wheat
21751,milk
21751,corn
21751,gluten
21751,soy
21751,wheat
12757,milk
12757,corn
12757,gluten
12757,soy
12757,wheat
12870,milk
12870,corn
12870,gluten
12870,soy
12870,wheat
12763,milk
12763,corn
12763,gluten
12763,soy
12763,wheat
14575,milk
14575,corn
14575,gluten
14575,soy
14575,wheat
11682,milk
11682,corn
11682,gluten
11682,pork
11682,soy
11682,wheat
20898,milk
20898,corn
20898,gluten
20898,pork
20898,soy
20898,wheat
10586,milk
10586,corn
10586,gluten
10586,soy
10586,wheat
7558,milk
7558,corn
7558,gluten
7558,soy
7558,wheat
18367,milk
18367,gluten
18367,pork
18367,soy
18367,wheat
7184,milk
7184,corn
7184,gluten
7184,pork
7184,soy
7184,wheat
20900,milk
20900,corn
20900,gluten
20900,pork
20900,soy
20900,wheat
12434,milk
12434,corn
12434,gluten
12434,pork
12434,soy
12434,wheat
20909,milk
20909,corn
20909,gluten
20909,pork
20909,soy
20909,wheat
20933,milk
20933,corn
20933,gluten
20933,soy
20933,wheat
7559,milk
7559,corn
7559,gluten
7559,soy
7559,wheat
14409,milk
14409,corn
14409,gluten
14409,pork
14409,soy
14409,wheat
21036,milk
21036,corn
21036,gluten
21036,pork
21036,soy
21036,wheat
12217,milk
12217,corn
12217,gluten
12217,pork
12217,soy
12217,wheat
20896,milk
20896,corn
20896,gluten
20896,pork
20896,soy
20896,wheat
9311,milk
9311,corn
9311,gluten
9311,pork
9311,soy
9311,wheat
6404,milk
6404,corn
6404,gluten
6404,soy
6404,wheat
20897,milk
20897,corn
20897,gluten
20897,soy
20897,wheat
12210,milk
12210,corn
12210,gluten
12210,soy
12210,wheat
7564,milk
7564,corn
7564,gluten
7564,pork
7564,soy
7564,wheat
13227,milk
13227,corn
13227,gluten
13227,pork
13227,soy
13227,wheat
20902,milk
20902,corn
20902,gluten
20902,pork
20902,soy
20902,wheat
8743,milk
8743,corn
8743,gluten
8743,soy
8743,wheat
8978,milk
8978,corn
8978,gluten
8978,soy
8978,wheat
19834,milk
19834,corn
19834,gluten
19834,soy
19834,wheat
10590,milk
10590,corn
10590,gluten
10590,soy
10590,wheat
12263,milk
12263,corn
12263,gluten
12263,pork
12263,soy
12263,wheat
12515,milk
12515,corn
12515,gluten
12515,pork
12515,soy
12515,wheat
12212,milk
12212,corn
12212,gluten
12212,pork
12212,soy
12212,wheat
20901,milk
20901,corn
20901,gluten
20901,pork
20901,soy
20901,wheat
20903,milk
20903,corn
20903,gluten
20903,pork
20903,soy
20903,wheat
12755,milk
12755,corn
12755,gluten
12755,soy
12755,wheat
12751,milk
12751,corn
12751,gluten
12751,soy
12751,wheat
18757,milk
18757,corn
18757,gluten
18757,soy
18757,wheat
7189,milk
7189,corn
7189,gluten
7189,pork
7189,soy
7189,wheat
20895,milk
20895,corn
20895,gluten
20895,pork
20895,soy
20895,wheat
8979,milk
8979,corn
8979,gluten
8979,soy
8979,wheat
12754,milk
12754,corn
12754,gluten
12754,soy
12754,wheat
15361,milk
15361,corn
15361,gluten
15361,pork
15361,soy
15361,wheat
18482,milk
18482,corn
18482,gluten
18482,soy
18482,wheat
21037,milk
21037,corn
21037,gluten
21037,soy
21037,wheat
16502,milk
16502,corn
16502,gluten
16502,soy
16502,wheat
20910,milk
20910,corn
20910,gluten
20910,pork
20910,soy
20910,wheat
17629,milk
17629,corn
17629,gluten
17629,soy
17629,wheat
15356,milk
15356,corn
15356,gluten
15356,pork
15356,soy
15356,wheat
20911,milk
20911,corn
20911,gluten
20911,pork
20911,soy
20911,wheat
15355,milk
15355,corn
15355,gluten
15355,soy
15355,wheat
20912,milk
20912,corn
20912,gluten
20912,soy
20912,wheat
15357,milk
15357,corn
15357,gluten
15357,soy
15357,wheat
20913,milk
20913,corn
20913,gluten
20913,soy
20913,wheat
1300,milk
1300,corn
1300,gluten
1300,soy
1300,wheat
20899,milk
20899,corn
20899,gluten
20899,soy
20899,wheat
10454,milk
10454,corn
10454,gluten
10454,soy
10454,wheat
16566,milk
16566,corn
16566,gluten
16566,pork
16566,soy
16566,wheat
20906,milk
20906,corn
20906,gluten
20906,pork
20906,soy
20906,wheat
9356,milk
9356,corn
9356,gluten
9356,soy
9356,wheat
20908,milk
20908,corn
20908,gluten
20908,soy
20908,wheat
12756,milk
12756,corn
12756,gluten
12756,soy
12756,wheat
8177,milk
8177,corn
8177,gluten
8177,soy
8177,wheat
16545,milk
16545,corn
16545,gluten
16545,soy
16545,wheat
20905,milk
20905,corn
20905,gluten
20905,soy
20905,wheat
11681,milk
11681,corn
11681,gluten
11681,pork
11681,soy
11681,wheat
11683,milk
11683,corn
11683,gluten
11683,soy
11683,wheat
20095,milk
20095,corn
20095,gluten
20095,soy
20095,wheat
21470,milk
21470,corn
21470,gluten
21470,soy
21470,wheat
16207,milk
16207,corn
16207,gluten
16207,soy
16207,wheat
21464,milk
21464,corn
21464,gluten
21464,soy
21464,wheat
19660,milk
19660,corn
19660,gluten
19660,pork
19660,soy
19660,wheat
19659,milk
19659,corn
19659,gluten
19659,pork
19659,soy
19659,wheat
21487,milk
21487,corn
21487,gluten
21487,pork
21487,soy
21487,wheat
21884,milk
21884,corn
21884,gluten
21884,soy
21884,wheat
5657,milk
5657,corn
5657,gluten
5657,soy
5657,wheat
18015,eggs
18015,milk
18015,gluten
18015,soy
18015,wheat
19024,eggs
19024,milk
19024,corn
19024,gluten
19024,soy
19024,wheat
17137,eggs
17137,milk
17137,corn
17137,gluten
17137,soy
17137,wheat
20056,milk
20056,corn
20056,gluten
20056,pork
20056,soy
20056,wheat
20057,milk
20057,corn
20057,gluten
20057,pork
20057,soy
20057,wheat
5557,soy
22195,soy
16654,eggs
16654,corn
16654,fish
16654,gluten
16654,soy
16654,wheat
18239,corn
18239,soy
8054,milk
8054,corn
8054,soy
5645,milk
5645,corn
5645,soy
4724,milk
4724,corn
4724,soy
5196,corn
5196,soy
19410,pork
19410,soy
19505,pork
7755,pork
339,corn
339,pork
19939,pork
1492,corn
1492,pork
3406,pork
12848,corn
12848,fish
12848,pork
12848,soy
18856,pork
18368,pork
18368,soy
18478,corn
18478,pork
14984,pork
14984,soy
15514,corn
15514,gluten
15514,pork
15514,soy
15514,wheat
12778,corn
12778,gluten
12778,pork
12778,soy
12778,wheat
6171,pork
17569,pork
17569,soy
10326,corn
10326,pork
9479,pork
3359,milk
3359,corn
3359,gluten
3359,pork
3359,soy
3359,wheat
4025,pork
4025,soy
18353,pork
10752,milk
10752,pork
10752,soy
18153,corn
18153,gluten
18153,pork
18153,soy
18153,wheat
19227,eggs
19227,milk
19227,corn
19227,gluten
19227,pork
19227,soy
19227,wheat
6230,corn
6230,pork
5265,milk
5265,corn
5265,pork
172,corn
172,pork
14974,pork
5264,milk
5264,corn
5264,fish
5264,pork
5264,soy
7840,milk
7840,corn
7840,pork
12359,corn
12359,gluten
12359,pork
12359,soy
12359,wheat
11241,pork
6223,eggs
6223,milk
6223,corn
6223,fish
6223,gluten
6223,pork
6223,soy
6223,wheat
13588,corn
13588,fish
13588,pork
13588,soy
19603,milk
19603,corn
19603,pork
15622,eggs
15622,corn
15622,gluten
15622,pork
15622,soy
15622,wheat
17228,corn
17228,pork
9474,pork
5643,corn
5643,pork
5262,corn
5262,pork
11059,corn
11059,pork
13677,pork
17523,corn
17523,pork
10309,corn
10309,pork
7877,corn
7877,gluten
7877,pork
7877,soy
7877,wheat
14217,corn
14217,pork
10450,pork
9309,corn
9309,gluten
9309,pork
9309,soy
9309,wheat
6315,corn
6315,gluten
6315,pork
6315,soy
6315,wheat
5596,corn
5596,gluten
5596,pork
5596,soy
5596,wheat
12675,corn
12675,gluten
12675,pork
12675,soy
12675,wheat
16717,milk
16717,corn
16717,gluten
16717,soy
16717,wheat
20919,soy
14136,soy
18465,soy
15103,soy
8391,corn
8391,gluten
8391,soy
8391,wheat
3678,soy
20084,corn
20084,gluten
20084,soy
20084,wheat
14135,corn
14135,gluten
14135,soy
14135,wheat
3620,corn
3620,soy
4821,milk
3575,milk
5680,eggs
5680,corn
5680,gluten
5680,soy
5680,wheat
5197,milk
5197,soy
7475,milk
7854,milk
12749,milk
9045,milk
4152,milk
3307,soy
3349,gluten
3349,pork
3349,wheat
19738,milk
7436,milk
7436,corn
7436,soy
18089,corn
18089,soy
11039,corn
11039,soy
20083,corn
20083,soy
3649,corn
3649,soy
16593,soy
14705,corn
14705,gluten
14705,soy
14705,wheat
15026,corn
15026,gluten
15026,soy
15026,wheat
12147,soy
17665,milk
580,corn
12518,gluten
12518,soy
12518,wheat
3400,corn
3400,gluten
3400,wheat
1663,milk
1663,corn
1663,soy
21192,milk
21192,corn
21192,gluten
21192,soy
21192,wheat
17644,milk
15613,milk
15613,tree nuts
1664,milk
1664,soy
17150,milk
17150,corn
17150,gluten
17150,pork
17150,shellfish
17150,soy
17150,wheat
22033,milk
22033,corn
22033,gluten
22033,soy
22033,wheat
6712,corn
6712,gluten
6712,soy
6712,wheat
13630,milk
13630,corn
13630,gluten
13630,soy
13630,wheat
18091,milk
18091,corn
18091,gluten
18091,soy
18091,wheat
4459,milk
4459,corn
4459,gluten
4459,soy
4459,wheat
21868,milk
21868,corn
21868,gluten
21868,soy
21868,wheat
5587,milk
5587,corn
5587,gluten
5587,soy
5587,wheat
12353,milk
12353,corn
12353,gluten
12353,pork
12353,soy
12353,wheat
11021,milk
11021,corn
11021,gluten
11021,shellfish
11021,soy
11021,wheat
3166,milk
3166,corn
3166,gluten
3166,soy
3166,wheat
3782,eggs
3782,milk
3782,corn
3782,gluten
3782,pork
3782,soy
3782,wheat
12642,eggs
12642,milk
12642,corn
12642,gluten
12642,soy
12642,wheat
9538,eggs
9538,milk
9538,corn
9538,gluten
9538,soy
9538,wheat
15096,eggs
15096,milk
15096,corn
15096,gluten
15096,soy
15096,wheat
9762,corn
9762,soy
13962,milk
13962,tree nuts
13961,tree nuts
5626,corn
5626,soy
5626,tree nuts
10780,milk
10780,corn
14751,soy
14385,eggs
14385,milk
14385,corn
14385,gluten
14385,pork
14385,soy
14385,wheat
14130,eggs
14130,milk
14130,corn
14130,gluten
14130,soy
14130,wheat
18873,eggs
18873,milk
18873,gluten
18873,soy
18873,wheat
5094,eggs
5094,milk
5094,corn
5094,gluten
5094,soy
5094,wheat
16976,soy
7833,milk
14542,corn
14542,soy
8785,corn
8785,pork
8785,soy
11646,corn
11646,soy
4241,corn
4241,soy
4492,corn
4492,soy
5250,corn
5250,soy
5446,soy
13325,eggs
13325,gluten
13325,soy
13325,wheat
9738,gluten
9738,soy
9738,wheat
4365,gluten
4365,soy
4365,wheat
21840,milk
21840,corn
21840,soy
6945,corn
6945,soy
20955,corn
4447,corn
4447,soy
5984,corn
5984,soy
16570,corn
16570,soy
6714,corn
6714,soy
9417,corn
9417,gluten
9417,soy
9417,wheat
10415,corn
10415,soy
9741,milk
9741,corn
9741,soy
3785,corn
3785,soy
5675,gluten
5675,wheat
3684,corn
3684,gluten
3684,soy
3684,wheat
15148,corn
15148,gluten
15148,soy
15148,wheat
15370,corn
15370,soy
7825,milk
7825,corn
7825,soy
13964,milk
13964,corn
13964,soy
6027,corn
9430,gluten
9430,wheat
9564,gluten
9564,soy
9564,wheat
6800,milk
6800,corn
6800,gluten
6800,soy
6800,wheat
4827,milk
4827,corn
4827,gluten
4827,pork
4827,soy
4827,wheat
13807,corn
13807,gluten
13807,soy
13807,wheat
4631,gluten
4631,wheat
9089,milk
9089,corn
9089,soy
13582,eggs
13582,milk
13582,soy
13582,tree nuts
11782,corn
11782,gluten
11782,peanuts
11782,soy
11782,wheat
12445,eggs
12445,milk
12445,soy
12445,tree nuts
18012,milk
18012,soy
18012,tree nuts
11781,soy
9324,corn
9324,gluten
9324,soy
9324,tree nuts
9324,wheat
7595,eggs
7595,milk
7595,gluten
7595,soy
7595,tree nuts
20938,soy
20847,corn
20847,soy
5461,eggs
5461,milk
5461,corn
5461,fish
5461,gluten
5461,peanuts
5461,pork
5461,soy
5461,tree nuts
5461,wheat
21865,eggs
21865,milk
21865,corn
21865,fish
21865,pork
21865,soy
2358,corn
2358,gluten
2358,soy
2358,wheat
4873,fish
14591,eggs
14591,milk
14591,corn
14591,tree nuts
7573,corn
7573,soy
14583,eggs
14583,corn
14583,gluten
14583,pork
14583,soy
14583,wheat
20479,eggs
20479,milk
20479,corn
20479,peanuts
20479,pork
20479,soy
5490,eggs
5490,pork
5490,soy
15556,eggs
15556,milk
15556,corn
15556,soy
15556,tree nuts
12770,eggs
12770,soy
15710,milk
15710,corn
15710,gluten
15710,soy
15710,wheat
15615,gluten
15615,peanuts
15615,soy
15615,wheat
5308,eggs
5308,milk
5308,corn
5308,gluten
5308,soy
5308,wheat
9378,eggs
9378,milk
9378,corn
9378,gluten
9378,soy
9378,wheat
19016,eggs
19016,milk
19016,corn
19016,gluten
19016,soy
19016,wheat
18270,eggs
18270,milk
18270,corn
18270,gluten
18270,soy
18270,wheat
9040,eggs
9040,milk
9040,corn
9040,gluten
9040,soy
9040,wheat
17655,eggs
17655,milk
17655,corn
17655,gluten
17655,soy
17655,wheat
10656,gluten
10656,soy
10656,wheat
12367,milk
12886,tree nuts
14921,eggs
14921,milk
14921,corn
14921,fish
14921,pork
14921,soy
3043,eggs
3043,soy
4784,eggs
4784,milk
4784,corn
4784,gluten
4784,soy
4784,wheat
5978,eggs
5978,soy
5978,tree nuts
7504,eggs
7504,soy
21340,eggs
21340,soy
21340,tree nuts
10267,milk
10267,corn
10267,tree nuts
16598,eggs
16598,corn
16598,soy
16598,tree nuts
5593,eggs
5593,milk
5593,corn
5593,pork
18760,eggs
18760,milk
18760,corn
18760,pork
4946,eggs
4946,corn
4946,soy
12420,eggs
12420,soy
8158,eggs
8158,corn
8158,soy
3124,soy
7296,corn
11248,gluten
11248,wheat
20937,eggs
20937,milk
20937,corn
20937,fish
20937,gluten
20937,shellfish
20937,soy
20937,wheat
14026,corn
14026,gluten
14026,soy
14026,wheat
3127,soy
6361,eggs
6361,corn
6361,soy
18539,fish
7512,corn
7512,gluten
7512,peanuts
7512,soy
7512,wheat
14754,corn
14754,gluten
14754,soy
14754,wheat
3075,eggs
3075,corn
3075,soy
15077,eggs
15077,corn
15077,soy
15046,eggs
15046,milk
15046,corn
15046,soy
20673,gluten
20673,wheat
11198,gluten
11198,soy
11198,wheat
3128,milk
3128,corn
16787,milk
9443,milk
9443,corn
9443,soy
15002,milk
15002,corn
15002,soy
13802,milk
13802,tree nuts
3052,eggs
3052,corn
3052,pork
3052,soy
14904,milk
14904,corn
14904,soy
17580,milk
17580,gluten
17580,wheat
6428,eggs
6428,milk
6428,corn
6428,soy
14271,soy
17532,soy
17532,tree nuts
14983,gluten
14983,tree nuts
14983,wheat
18557,eggs
18557,soy
18557,tree nuts
16590,milk
16590,corn
16590,soy
16590,tree nuts
3205,eggs
3205,corn
3205,soy
10676,eggs
10676,soy
14243,eggs
14243,milk
14243,corn
14243,pork
14243,soy
13704,eggs
13704,milk
13704,corn
13704,pork
13704,soy
3208,eggs
3208,corn
3208,gluten
3208,soy
3208,wheat
6216,eggs
6216,corn
6216,gluten
6216,soy
6216,wheat
4227,milk
4227,gluten
4227,soy
4227,wheat
12399,soy
12399,tree nuts
3247,eggs
3247,shellfish
3247,soy
14920,eggs
14920,milk
14920,corn
14920,gluten
14920,soy
14920,wheat
5203,corn
5203,gluten
5203,soy
5203,wheat
16596,eggs
16596,milk
16596,corn
16596,gluten
16596,pork
16596,soy
16596,wheat
17525,gluten
17525,wheat
14132,eggs
14132,milk
14132,gluten
14132,soy
14132,wheat
17430,milk
17430,gluten
17430,wheat
15335,gluten
15335,wheat
14980,gluten
14980,wheat
7540,eggs
7540,milk
7540,corn
7540,gluten
7540,soy
7540,wheat
5207,milk
5207,corn
5207,gluten
5207,soy
5207,wheat
8445,milk
8445,corn
8445,gluten
8445,soy
8445,wheat
14899,eggs
14899,milk
14899,corn
14899,gluten
14899,soy
14899,wheat
5194,milk
5194,corn
5194,gluten
5194,soy
5194,wheat
8384,milk
8384,corn
8384,gluten
8384,soy
8384,wheat
7996,milk
7996,corn
7996,gluten
7996,soy
7996,wheat
20854,corn
20854,gluten
20854,soy
20854,wheat
20624,eggs
20624,milk
20624,corn
20624,gluten
20624,soy
20624,wheat
5163,milk
5163,corn
5163,gluten
5163,soy
5163,wheat
10616,tree nuts
13374,milk
13374,corn
13374,gluten
13374,soy
13374,wheat
6376,eggs
6376,milk
6376,pork
15443,tree nuts
20962,eggs
20962,soy
20891,eggs
20891,milk
20891,corn
20891,fish
20891,soy
17705,eggs
17705,soy
6332,eggs
6332,soy
5430,eggs
5430,soy
10191,eggs
10191,milk
10191,corn
10191,pork
10191,soy
6227,milk
6227,corn
6227,gluten
6227,soy
6227,wheat
17559,tree nuts
18345,corn
18345,gluten
18345,soy
18345,tree nuts
18345,wheat
13969,milk
13969,corn
13970,milk
13970,corn
13970,soy
14965,milk
14965,corn
14965,tree nuts
5651,corn
5481,eggs
5481,corn
5481,fish
5481,gluten
5481,shellfish
5481,soy
5481,wheat
6545,shellfish
3121,eggs
3121,gluten
3121,shellfish
3121,soy
3121,wheat
11108,soy
4105,eggs
4105,corn
4105,soy
13827,corn
13827,gluten
13827,soy
13827,wheat
15070,soy
5158,eggs
5158,soy
13929,gluten
13929,wheat
17541,corn
17541,gluten
17541,soy
17541,wheat
15180,milk
15180,corn
15180,tree nuts
5200,tree nuts
13033,corn
13033,soy
10726,eggs
10726,shellfish
10726,tree nuts
16740,milk
16740,soy
16740,tree nuts
18388,eggs
18388,milk
18388,soy
18388,tree nuts
14622,corn
14622,gluten
14622,soy
14622,wheat
14597,soy
6640,gluten
6640,wheat
4383,milk
4383,gluten
4383,soy
4383,wheat
16616,corn
16616,gluten
16616,soy
1376,soy
6362,corn
6362,soy
9196,milk
9196,corn
5173,eggs
5173,milk
5173,corn
5173,gluten
5173,soy
5173,wheat
3245,eggs
3245,fish
3245,soy
14604,milk
14604,gluten
14604,soy
14604,wheat
15567,milk
15567,corn
15567,pork
3491,eggs
3491,corn
3491,soy
3491,tree nuts
13531,milk
13531,fish
7255,
11014,soy
18888,gluten
18888,wheat
16853,gluten
16853,soy
16853,wheat
12267,eggs
12267,milk
12267,corn
12267,gluten
12267,pork
12267,soy
12267,wheat
19140,eggs
19140,milk
19140,corn
19140,gluten
19140,pork
19140,soy
19140,wheat
17908,eggs
17908,milk
17908,corn
17908,gluten
17908,soy
17908,wheat
19144,eggs
19144,milk
19144,corn
19144,gluten
19144,pork
19144,soy
19144,wheat
13368,eggs
13368,milk
13368,corn
13368,gluten
13368,pork
13368,soy
13368,wheat
7977,corn
7977,gluten
7977,soy
7977,wheat
15109,milk
15109,corn
15109,gluten
15109,pork
15109,soy
15109,wheat
13725,eggs
13725,corn
13725,fish
13725,gluten
13725,soy
13725,wheat
8693,corn
8693,gluten
8693,soy
8693,wheat
3543,corn
3543,gluten
3543,soy
3543,wheat
18710,corn
18710,gluten
18710,soy
18710,wheat
7769,corn
7769,gluten
7769,soy
7769,wheat
12443,milk
12443,corn
12443,gluten
12443,soy
12443,wheat
16513,milk
16513,corn
16513,gluten
16513,soy
16513,wheat
17167,eggs
17167,corn
17167,gluten
17167,soy
17167,wheat
10089,milk
10089,corn
10089,gluten
10089,pork
10089,soy
10089,wheat
17147,eggs
17147,milk
17147,corn
17147,gluten
17147,soy
17147,wheat
17164,eggs
17164,milk
17164,corn
17164,gluten
17164,soy
17164,wheat
16641,eggs
16641,corn
16641,gluten
16641,soy
16641,wheat
17170,eggs
17170,corn
17170,gluten
17170,soy
17170,wheat
17168,eggs
17168,milk
17168,corn
17168,gluten
17168,soy
17168,wheat
19028,corn
19028,gluten
19028,soy
19028,wheat
10670,corn
10670,gluten
10670,soy
10670,wheat
14088,milk
14088,corn
14088,gluten
14088,pork
14088,soy
14088,wheat
17363,milk
17363,corn
17363,gluten
17363,soy
17363,wheat
12671,eggs
12671,milk
12671,corn
12671,gluten
12671,soy
12671,wheat
3737,eggs
3737,corn
3737,gluten
3737,soy
3737,wheat
9332,eggs
9332,milk
9332,gluten
9332,soy
9332,wheat
5601,eggs
5601,corn
5601,gluten
5601,soy
5601,wheat
12916,eggs
12916,corn
12916,gluten
12916,soy
12916,wheat
12517,milk
12517,corn
12517,gluten
12517,soy
12517,wheat
18254,milk
18254,corn
18254,gluten
18254,soy
18254,wheat
13505,eggs
13505,milk
13505,gluten
13505,soy
13505,wheat
10094,corn
10094,gluten
10094,soy
10094,wheat
13806,eggs
13806,milk
13806,corn
13806,gluten
13806,soy
13806,wheat
15310,eggs
15310,corn
15310,gluten
15310,soy
15310,tree nuts
15310,wheat
19980,milk
19980,corn
19980,gluten
19980,soy
19980,wheat
11555,corn
11555,gluten
11555,soy
11555,wheat
12736,corn
12736,gluten
12736,pork
12736,soy
12736,wheat
13691,eggs
13691,milk
13691,corn
13691,gluten
13691,pork
13691,soy
13691,wheat
12276,eggs
12276,milk
12276,corn
12276,gluten
12276,pork
12276,soy
12276,wheat
19143,eggs
19143,milk
19143,corn
19143,gluten
19143,pork
19143,soy
19143,wheat
19142,eggs
19142,milk
19142,corn
19142,gluten
19142,pork
19142,soy
19142,wheat
14493,eggs
14493,milk
14493,corn
14493,gluten
14493,pork
14493,soy
14493,wheat
7241,milk
7241,corn
7241,gluten
7241,soy
7241,wheat
13522,eggs
13522,milk
13522,gluten
13522,soy
13522,wheat
10971,milk
10971,corn
10971,gluten
10971,soy
10971,wheat
11745,gluten
11745,soy
11745,wheat
18251,corn
18251,gluten
18251,soy
18251,wheat
5508,eggs
5508,milk
5508,corn
5508,gluten
5508,soy
5508,wheat
7150,milk
7150,corn
7150,gluten
7150,soy
7150,wheat
14092,milk
14092,corn
14092,gluten
14092,soy
14092,wheat
14192,milk
14192,gluten
14192,soy
14192,wheat
3144,milk
3144,corn
3144,gluten
3144,soy
3144,wheat
17182,milk
17182,corn
17182,gluten
17182,soy
17182,wheat
21967,milk
21967,corn
21967,gluten
21967,soy
21967,wheat
14191,milk
14191,corn
14191,gluten
14191,soy
14191,wheat
17452,milk
17452,corn
17452,gluten
17452,peanuts
17452,soy
17452,wheat
3051,milk
3051,corn
3051,gluten
3051,soy
3051,wheat
7242,milk
7242,corn
7242,gluten
7242,pork
7242,soy
7242,wheat
13805,milk
13805,corn
13805,gluten
13805,pork
13805,soy
13805,wheat
14928,milk
14928,corn
14928,gluten
14928,pork
14928,soy
14928,wheat
5223,milk
5223,corn
5223,gluten
5223,pork
5223,soy
5223,wheat
14925,milk
14925,corn
14925,gluten
14925,pork
14925,soy
14925,wheat
17640,corn
17640,gluten
17640,soy
17640,wheat
6236,gluten
6236,soy
6236,wheat
6740,corn
6740,gluten
6740,pork
6740,soy
6740,wheat
6642,eggs
6642,milk
6642,corn
6642,gluten
6642,pork
6642,soy
6642,wheat
18387,eggs
18387,milk
18387,corn
18387,gluten
18387,pork
18387,soy
18387,wheat
13585,milk
13585,corn
13585,gluten
13585,pork
13585,soy
13585,wheat
21912,eggs
21912,milk
21912,corn
21912,gluten
21912,soy
21912,wheat
15499,eggs
15499,milk
15499,corn
15499,gluten
15499,pork
15499,soy
15499,wheat
12842,eggs
12842,milk
12842,corn
12842,gluten
12842,soy
12842,wheat
6032,milk
6032,corn
6032,gluten
6032,soy
6032,wheat
17422,milk
17422,corn
17422,gluten
17422,soy
17422,wheat
19698,milk
19698,corn
19698,gluten
19698,wheat
11641,corn
11641,gluten
11641,soy
11641,wheat
7206,milk
7206,corn
7206,gluten
7206,soy
7206,tree nuts
7206,wheat
13783,eggs
13783,milk
13783,corn
13783,gluten
13783,soy
13783,wheat
9489,milk
9489,corn
9489,gluten
9489,soy
9489,wheat
15234,milk
15234,corn
15234,gluten
15234,soy
15234,wheat
15165,corn
15165,gluten
15165,soy
15165,wheat
21848,corn
21848,gluten
21848,soy
21848,wheat
6629,corn
6629,gluten
6629,pork
6629,soy
6629,wheat
5639,corn
5639,gluten
5639,pork
5639,soy
5639,wheat
9348,corn
9348,gluten
9348,pork
9348,soy
9348,wheat
19226,eggs
19226,milk
19226,corn
19226,gluten
19226,pork
19226,soy
19226,wheat
17645,corn
17645,gluten
17645,soy
17645,wheat
13019,milk
13019,corn
13019,gluten
13019,soy
13019,wheat
14058,milk
14058,corn
14058,gluten
14058,soy
14058,wheat
14929,milk
14929,corn
14929,gluten
14929,soy
14929,wheat
14587,eggs
14587,milk
14587,corn
14587,gluten
14587,soy
14587,wheat
15701,eggs
15701,corn
15701,gluten
15701,shellfish
15701,soy
15701,wheat
13692,milk
13692,corn
13692,gluten
13692,soy
13692,wheat
19930,corn
19930,gluten
19930,soy
19930,wheat
11140,corn
11140,gluten
11140,soy
11140,wheat
12689,corn
12689,gluten
12689,soy
12689,wheat
19446,corn
19446,gluten
19446,soy
19446,tree nuts
19446,wheat
18355,eggs
18355,corn
18355,gluten
18355,pork
18355,soy
18355,wheat
18462,eggs
18462,milk
18462,corn
18462,gluten
18462,soy
18462,wheat
21095,corn
21095,gluten
21095,soy
21095,wheat
14585,eggs
14585,milk
14585,corn
14585,fish
14585,gluten
14585,pork
14585,soy
14585,wheat
14588,eggs
14588,milk
14588,corn
14588,gluten
14588,soy
14588,wheat
5625,milk
5625,corn
5625,gluten
5625,soy
5625,wheat
15708,eggs
15708,corn
15708,gluten
15708,soy
15708,wheat
13749,corn
13749,gluten
13749,soy
13749,wheat
18410,corn
18410,gluten
18410,soy
18410,wheat
18344,corn
18344,gluten
18344,soy
18344,wheat
11142,corn
11142,gluten
11142,soy
11142,wheat
7240,milk
7240,corn
7240,gluten
7240,soy
7240,wheat
21974,milk
21974,corn
21974,gluten
21974,pork
21974,soy
21974,wheat
16579,eggs
16579,milk
16579,gluten
16579,soy
16579,wheat
14927,milk
14927,corn
14927,gluten
14927,soy
14927,wheat
4783,milk
4783,corn
4783,gluten
4783,soy
4783,wheat
9331,milk
9331,corn
9331,gluten
9331,soy
9331,wheat
13521,eggs
13521,milk
13521,soy
7700,eggs
7700,soy
4582,milk
4582,corn
4582,gluten
4582,soy
4582,wheat
20260,milk
20260,corn
20260,gluten
20260,soy
20260,wheat
3224,corn
19445,milk
19445,corn
19445,soy
10811,corn
10811,soy
19378,corn
17893,corn
17893,gluten
17893,wheat
829,corn
21636,corn
18538,soy
6229,milk
6229,corn
6229,fish
6229,soy
12846,corn
12846,fish
12846,soy
821,corn
8740,eggs
8740,soy
5014,corn
2219,milk
2219,corn
2219,pork
5409,soy
17206,soy
21478,milk
21478,corn
14242,milk
14242,gluten
14242,wheat
14240,milk
14240,gluten
14240,wheat
18784,milk
1905,milk
1905,corn
19523,milk
19523,corn
14031,milk
14031,gluten
14031,wheat
9475,milk
9475,corn
18418,milk
18418,corn
14025,milk
14025,corn
14025,gluten
14025,wheat
1823,milk
1823,corn
3212,corn
3212,fish
3212,soy
6727,corn
6727,fish
6727,soy
20340,corn
7133,milk
7133,corn
21686,corn
8421,corn
17177,milk
17177,corn
17177,gluten
17177,soy
17177,wheat
1587,corn
1587,gluten
1587,soy
1587,wheat
8434,corn
8434,gluten
8434,soy
8434,wheat
12764,corn
12764,gluten
12764,soy
12764,wheat
1593,corn
1593,gluten
1593,soy
1593,wheat
12830,milk
12830,corn
12830,gluten
12830,soy
12830,wheat
10325,corn
6777,milk
6777,soy
7667,milk
3063,soy
20123,soy
7982,corn
7982,gluten
7982,soy
7982,wheat
18891,corn
18891,gluten
18891,soy
18891,wheat
17205,milk
18892,gluten
18892,soy
18892,wheat
7281,
5336,corn
5336,gluten
5336,soy
13799,eggs
13799,milk
13799,soy
14433,corn
6253,corn
6253,fish
6253,soy
10839,corn
10839,gluten
10839,soy
10839,wheat
2080,milk
4454,milk
4454,corn
4454,gluten
4454,soy
4454,wheat
8380,shellfish
16629,corn
16629,pork
7170,gluten
7170,soy
7170,wheat
18177,gluten
18177,soy
18177,wheat
620,gluten
620,soy
620,wheat
489,gluten
489,soy
489,wheat
8339,corn
8339,fish
8339,gluten
8339,shellfish
8339,soy
8339,wheat
8335,corn
8335,gluten
8335,soy
8335,wheat
3462,corn
3462,gluten
3462,soy
3462,wheat
7666,corn
21683,corn
8340,corn
8340,gluten
8340,shellfish
8340,soy
8340,wheat
238,corn
238,soy
238,wheat
1619,eggs
1619,soy
21734,eggs
21734,corn
21734,soy
16595,corn
16595,soy
1225,corn
1225,gluten
1225,soy
1225,wheat
10700,corn
10700,gluten
10700,soy
10700,wheat
6354,corn
6354,gluten
6354,wheat
22026,milk
10339,soy
9310,milk
9310,corn
9310,soy
21460,milk
21460,corn
21460,soy
19971,milk
14083,corn
14083,gluten
14083,wheat
2404,pork
16174,pork
18742,corn
18742,pork
18742,soy
16587,corn
17107,pork
7673,milk
7673,corn
7673,gluten
7673,pork
7673,wheat
17157,milk
17157,corn
17157,pork
12361,milk
12361,corn
12361,pork
59,milk
59,corn
59,pork
12410,milk
12410,corn
12410,pork
12410,soy
18644,milk
18644,pork
16726,milk
16726,pork
7072,corn
7072,pork
7072,soy
20920,corn
20920,pork
3384,corn
3384,pork
4255,pork
2803,corn
2803,soy
9579,eggs
9579,milk
9579,corn
9579,gluten
9579,soy
9579,wheat
18190,corn
18190,pork
18190,shellfish
1147,eggs
1147,corn
1147,fish
1147,gluten
1147,shellfish
1147,soy
1147,wheat
7663,eggs
7663,milk
7663,corn
7663,fish
7663,gluten
7663,pork
7663,shellfish
7663,soy
7663,wheat
13785,milk
13785,shellfish
11556,shellfish
10749,corn
10749,gluten
10749,shellfish
10749,soy
10749,wheat
20678,milk
20678,corn
20678,shellfish
14049,milk
14049,corn
14049,gluten
14049,soy
14049,wheat
6748,corn
6748,gluten
6748,shellfish
6748,soy
6748,wheat
10689,shellfish
10689,soy
15075,corn
15075,shellfish
15075,soy
12352,milk
12352,corn
12352,gluten
12352,pork
12352,shellfish
12352,wheat
6522,shellfish
5251,shellfish
13048,corn
13048,gluten
13048,shellfish
13048,soy
13048,wheat
12966,shellfish
12966,soy
7226,milk
7226,corn
7226,gluten
7226,shellfish
7226,soy
7226,wheat
5483,milk
5483,shellfish
6446,milk
6446,peanuts
6446,shellfish
6446,tree nuts
8341,fish
8341,shellfish
8341,soy
5615,milk
5615,corn
5617,milk
5617,corn
17068,milk
17068,corn
16883,milk
16883,corn
17238,milk
17238,corn
5618,milk
5618,corn
5618,peanuts
5618,soy
9808,milk
9808,corn
5616,milk
5616,corn
5614,milk
5614,corn
16525,soy
5137,corn
5137,gluten
5137,soy
5137,wheat
20044,milk
20044,corn
21471,milk
21471,corn
13759,eggs
13759,milk
13759,corn
13759,gluten
13759,soy
13759,wheat
21469,milk
21469,corn
21469,gluten
21469,soy
21469,wheat
13758,corn
13758,gluten
13758,soy
13758,wheat
21472,milk
21472,corn
21472,fish
21472,gluten
21472,shellfish
21472,soy
21472,wheat
10685,milk
10685,gluten
10685,wheat
21465,corn
5965,milk
5965,gluten
5965,pork
5965,wheat
10256,pork
2959,corn
2959,gluten
2959,soy
12733,milk
12733,corn
12733,gluten
12733,pork
12733,wheat
9106,eggs
9106,corn
9106,gluten
9106,wheat
2963,corn
2963,soy
5678,milk
5678,corn
5678,fish
5678,gluten
5678,soy
5678,wheat
14503,milk
14503,corn
14503,gluten
14503,soy
14503,wheat
5632,corn
5632,soy
4987,milk
4987,corn
4987,gluten
4987,soy
4987,wheat
8001,milk
8001,corn
17556,corn
17556,soy
18152,corn
18152,gluten
18152,soy
18152,wheat
18189,corn
18189,gluten
18189,soy
18189,wheat
3003,corn
17627,milk
17627,corn
17627,soy
5967,corn
4167,milk
4167,corn
20700,eggs
20700,corn
20700,gluten
20700,soy
20700,wheat
2966,eggs
2966,corn
2966,gluten
2966,soy
2966,wheat
14030,corn
14030,fish
8004,eggs
8004,milk
8004,corn
8004,gluten
8004,soy
8004,wheat
5974,corn
5974,soy
21271,corn
21271,soy
3316,milk
3316,corn
3316,gluten
3316,soy
3316,wheat
5968,milk
5968,corn
5968,gluten
5968,soy
5968,wheat
4905,corn
4905,gluten
4905,soy
4905,wheat
16814,corn
16814,gluten
16814,soy
16814,wheat
5966,corn
5966,gluten
5966,soy
5966,wheat
1318,corn
1318,fish
1318,gluten
1318,soy
1318,wheat
11673,corn
11673,gluten
11673,soy
11673,wheat
5613,corn
5613,gluten
5613,soy
5613,wheat
12914,corn
12914,gluten
12914,soy
2970,milk
2970,corn
2970,gluten
2970,soy
2970,wheat
14103,milk
14103,corn
14103,gluten
14103,pork
14103,shellfish
14103,wheat
14769,milk
14769,corn
14769,gluten
14769,wheat
2982,milk
2982,corn
2982,fish
2982,gluten
2982,shellfish
2982,soy
2982,wheat
18914,milk
18914,corn
18914,fish
18914,gluten
18914,shellfish
18914,soy
18914,wheat
17650,corn
17650,soy
18624,milk
18624,corn
18624,soy
5976,milk
5976,corn
5976,soy
2904,milk
2904,corn
2904,gluten
2904,soy
2904,wheat
5979,milk
5979,corn
5979,gluten
5979,soy
5979,wheat
3169,milk
3169,gluten
3169,wheat
10284,corn
10284,soy
5654,corn
5654,soy
17158,corn
17158,gluten
17158,soy
17158,wheat
3990,eggs
3990,corn
3990,soy
13907,milk
13907,corn
13907,fish
13907,pork
13907,soy
6209,milk
6209,corn
6209,fish
6209,gluten
6209,soy
6209,wheat
2629,milk
2629,corn
2074,eggs
2074,milk
2074,corn
2074,gluten
2074,soy
2074,wheat
14670,milk
14670,corn
14670,gluten
14670,soy
14670,wheat
20153,eggs
20153,milk
20153,gluten
20153,soy
20153,wheat
20154,eggs
20154,milk
20154,corn
20154,fish
20154,gluten
20154,soy
20154,wheat
20156,milk
20156,corn
20156,gluten
20156,soy
20156,wheat
3098,milk
3098,corn
3098,pork
15091,corn
15091,soy
2979,corn
2979,soy
7999,corn
7999,soy
14027,corn
14027,gluten
14027,pork
14027,wheat
7579,eggs
7579,milk
7579,corn
7579,gluten
7579,wheat
2980,corn
2980,gluten
2980,soy
2980,wheat
5983,soy
2983,corn
2983,soy
5479,milk
5479,corn
5479,gluten
5479,soy
5479,wheat
12301,pork
2973,milk
2973,corn
2973,gluten
2973,soy
2973,wheat
7426,milk
7426,corn
7426,gluten
7426,soy
7426,wheat
17521,corn
6651,milk
6651,corn
6651,gluten
6651,soy
6651,wheat
15901,milk
15901,corn
15614,milk
15614,corn
15614,soy
10657,corn
10657,soy
5676,corn
5676,gluten
5676,shellfish
5676,soy
5676,wheat
3703,milk
3703,gluten
3703,wheat
5027,corn
5027,soy
17303,soy
8783,milk
8783,corn
8783,soy
16706,milk
16706,corn
16706,soy
21201,corn
21201,gluten
21201,soy
21201,wheat
9092,milk
9092,corn
9092,pork
4184,corn
4184,soy
5972,corn
5972,gluten
5972,soy
9328,corn
9328,soy
5184,corn
5184,soy
1029,milk
12354,milk
12354,corn
12354,gluten
12354,wheat
21461,milk
21461,corn
12363,eggs
12363,milk
12363,gluten
12363,wheat
22059,eggs
22059,milk
22059,corn
22059,gluten
22059,soy
22059,wheat
15106,gluten
15106,wheat
9192,corn
5582,milk
9459,milk
10731,soy
15352,milk
15352,tree nuts
13724,eggs
13724,fish
13724,gluten
13724,soy
13724,wheat
13972,corn
13972,soy
14450,milk
13437,milk
13437,corn
13436,milk
13436,corn
16624,milk
16624,soy
16624,tree nuts
13779,soy
15057,milk
6780,milk
14706,corn
14706,gluten
14706,soy
14706,wheat
13973,soy
17610,soy
4232,corn
4232,soy
17819,corn
17819,gluten
17819,pork
17819,wheat
4587,gluten
4587,soy
15321,corn
15321,fish
15321,shellfish
15321,soy
17551,gluten
17551,pork
17551,soy
17551,wheat
17823,corn
17823,soy
16796,corn
16796,soy
12654,corn
12654,gluten
12654,soy
12654,wheat
11709,gluten
11709,soy
11709,wheat
14932,corn
14932,fish
14932,gluten
14932,soy
14932,wheat
10901,corn
10901,gluten
10901,soy
10901,wheat
1144,corn
9252,corn
6015,milk
6015,corn
6015,gluten
6015,soy
6015,wheat
12875,milk
12875,corn
12875,gluten
12875,soy
12875,wheat
12872,milk
12872,corn
12872,gluten
12872,pork
12872,soy
12872,wheat
12864,milk
12864,corn
12864,gluten
12864,soy
12864,wheat
12868,milk
12868,corn
12868,gluten
12868,pork
12868,soy
12868,wheat
12869,milk
12869,corn
12869,gluten
12869,pork
12869,soy
12869,wheat
12871,milk
12871,corn
12871,gluten
12871,soy
12871,wheat
454,corn
17831,eggs
17831,corn
17831,shellfish
17831,soy
20361,milk
6594,milk
6594,tree nuts
10904,milk
10904,tree nuts
629,corn
6251,corn
13288,corn
18630,eggs
18630,corn
18630,gluten
18630,soy
18630,wheat
18631,corn
18631,gluten
18631,soy
18631,wheat
328,corn
2905,milk
2905,corn
2905,gluten
2905,soy
2905,wheat
17771,milk
17771,corn
17771,fish
17771,gluten
17771,wheat
20538,corn
20538,fish
20538,gluten
20538,soy
20538,wheat
20375,corn
20375,fish
20375,gluten
20375,soy
20375,wheat
13580,corn
13580,soy
18121,milk
11245,milk
20082,corn
14127,corn
14127,soy
21894,milk
21892,milk
18066,milk
18094,milk
12385,corn
12385,gluten
12385,soy
12385,wheat
19332,corn
19332,gluten
19332,soy
19332,wheat
14131,eggs
14131,milk
14131,corn
14131,gluten
14131,soy
14131,wheat
3356,eggs
3356,milk
3356,corn
3356,gluten
3356,soy
3356,wheat
4346,gluten
4346,soy
4346,wheat
18403,soy
18160,soy
17553,corn
17553,gluten
17553,soy
17553,wheat
7979,corn
7979,gluten
7979,soy
7979,wheat
10701,fish
10701,shellfish
10701,soy
18485,gluten
18485,soy
18485,wheat
6395,soy
5411,gluten
5411,soy
5411,wheat
10011,gluten
10011,soy
10011,wheat
7664,corn
7664,gluten
7664,soy
7664,wheat
9436,corn
9436,gluten
9436,soy
9436,wheat
5732,soy
18191,corn
18191,gluten
18191,soy
18191,wheat
18120,corn
18120,gluten
18120,pork
18120,soy
18120,wheat
10898,peanuts
10898,soy
15810,gluten
15810,soy
15810,wheat
15712,corn
15712,gluten
15712,soy
15712,wheat
13487,corn
13487,soy
14340,corn
14340,soy
12958,corn
12958,soy
12958,tree nuts
18963,corn
18963,soy
8137,soy
21672,corn
21672,gluten
21672,soy
21672,wheat
8329,gluten
8329,soy
8329,wheat
5709,corn
5709,soy
14543,gluten
14543,soy
14543,wheat
5713,corn
5713,fish
5713,soy
15817,corn
15817,gluten
15817,soy
15817,wheat
20257,corn
20257,gluten
20257,soy
20257,wheat
14146,milk
14146,corn
14146,gluten
14146,peanuts
14146,soy
14146,tree nuts
14146,wheat
12703,milk
6384,corn
6384,gluten
6384,soy
6384,wheat
10192,milk
7704,corn
634,corn
7010,milk
7010,corn
18427,corn
18427,soy
17648,gluten
17648,peanuts
17648,soy
17648,wheat
13814,milk
10846,milk
10846,corn
10846,pork
14093,corn
14093,pork
14044,milk
14044,corn
14044,gluten
14044,pork
14044,soy
14044,wheat
4226,milk
4226,corn
4226,pork
7600,milk
5136,milk
13386,corn
19895,milk
8957,milk
8957,corn
20459,corn
1205,corn
11240,eggs
1629,corn
1629,gluten
1629,wheat
1072,corn
1072,gluten
1072,wheat
518,corn
518,gluten
518,soy
518,wheat
16693,corn
16693,soy
2521,corn
2521,gluten
2521,wheat
2520,gluten
2520,wheat
2519,corn
2519,gluten
2519,soy
2519,wheat
2535,gluten
2535,soy
2535,wheat
4786,corn
4786,gluten
4786,wheat
16509,corn
16509,gluten
16509,soy
16509,wheat
16510,peanuts
16510,soy
16510,tree nuts
13694,milk
13694,corn
13694,gluten
13694,wheat
5176,soy
16727,eggs
16727,soy
17204,milk
17204,corn
17204,gluten
17204,wheat
6660,milk
4694,soy
3616,corn
22023,corn
22023,fish
22023,soy
8528,gluten
8528,soy
8528,wheat
1198,corn
1198,gluten
1198,soy
11801,corn
11801,soy
2422,eggs
2422,milk
2422,corn
2422,gluten
2422,soy
2422,wheat
6581,corn
6581,gluten
6581,soy
6581,wheat
7235,corn
7235,gluten
7235,soy
7235,wheat
16614,corn
16614,gluten
16614,soy
16614,wheat
18926,soy
9134,eggs
9134,milk
9134,corn
9134,gluten
9134,soy
9134,wheat
10788,corn
10788,gluten
10788,soy
10788,wheat
19514,gluten
19514,soy
19514,wheat
18621,gluten
18621,soy
18621,wheat
12731,corn
12731,gluten
12731,soy
12731,wheat
13577,corn
13577,gluten
13577,peanuts
13577,soy
13577,wheat
18271,corn
18271,gluten
18271,soy
18271,wheat
12680,corn
12680,gluten
12680,soy
12680,tree nuts
12680,wheat
12656,corn
12656,gluten
12656,soy
12656,wheat
12655,gluten
12655,soy
12655,wheat
15060,gluten
15060,soy
15060,wheat
12814,corn
12814,gluten
12814,soy
12814,wheat
17129,corn
17129,gluten
17129,soy
17129,wheat
9088,corn
9088,gluten
9088,peanuts
9088,soy
9088,wheat
14602,gluten
14602,soy
14602,wheat
22216,corn
22216,gluten
22216,soy
22216,wheat
18776,gluten
18776,wheat
12957,gluten
12957,soy
12957,wheat
12412,corn
12412,gluten
12412,soy
12412,tree nuts
12412,wheat
19382,corn
19382,gluten
19382,wheat
10147,corn
10147,gluten
10147,soy
13762,corn
13762,gluten
13762,soy
13762,wheat
11652,corn
11652,gluten
11652,soy
11652,wheat
5533,corn
5533,gluten
5533,soy
12704,corn
12704,gluten
12704,soy
11752,corn
11752,soy
8080,corn
8080,soy
9453,milk
18607,corn
18607,soy
9503,corn
9503,soy
14356,corn
14356,soy
13090,eggs
13090,milk
13090,corn
13090,soy
17896,soy
16735,corn
16735,gluten
16735,soy
16735,wheat
18456,corn
18456,gluten
18456,soy
18456,wheat
4186,gluten
4186,soy
4186,wheat
12403,corn
12403,gluten
12403,peanuts
12403,soy
12403,tree nuts
12403,wheat
5406,milk
5406,corn
5406,gluten
5406,soy
5406,wheat
9481,corn
9481,gluten
9481,soy
9481,wheat
15607,gluten
15607,soy
15607,wheat
12415,corn
12415,gluten
12415,peanuts
12415,soy
12415,wheat
5670,gluten
5670,soy
5670,wheat
15616,fish
15616,shellfish
15616,soy
6340,corn
6340,gluten
6340,soy
6340,wheat
10660,corn
10660,gluten
10660,soy
10660,wheat
5034,corn
5034,gluten
5034,soy
5034,wheat
15110,corn
15110,gluten
15110,soy
15110,wheat
20779,milk
20779,gluten
20779,soy
20779,wheat
14510,eggs
14510,corn
14510,gluten
14510,peanuts
14510,soy
14510,wheat
5660,milk
5660,corn
5660,gluten
5660,soy
5660,wheat
8075,corn
8075,gluten
8075,wheat
16589,corn
16589,gluten
16589,soy
16589,wheat
12201,eggs
12201,milk
12201,corn
12201,gluten
12201,soy
12201,wheat
7479,eggs
7479,corn
7479,gluten
7479,soy
7479,wheat
13679,corn
6246,milk
6246,corn
6246,soy
15573,eggs
15573,milk
15573,corn
15573,gluten
15573,soy
15573,wheat
17579,eggs
17579,milk
17579,corn
17579,gluten
17579,soy
17579,wheat
5530,milk
5530,corn
5530,gluten
5530,soy
5530,wheat
17518,corn
17518,gluten
17518,soy
17518,wheat
14681,pork
10873,eggs
10873,milk
10873,corn
10873,gluten
10873,wheat
5500,eggs
5500,gluten
5500,soy
5500,wheat
10912,milk
10912,corn
10912,gluten
10912,soy
10912,wheat
14896,milk
14896,corn
14896,gluten
14896,soy
14896,wheat
5633,eggs
5633,gluten
5633,pork
5633,soy
5633,wheat
14735,corn
14735,gluten
14735,soy
14735,wheat
4898,eggs
4898,milk
4898,corn
4898,gluten
4898,soy
4898,wheat
16231,eggs
16231,milk
16231,corn
16231,gluten
16231,soy
16231,wheat
7752,corn
7752,gluten
7752,soy
7752,wheat
12532,eggs
12532,gluten
12532,soy
12532,wheat
14586,eggs
14586,milk
14586,corn
14586,gluten
14586,soy
14586,wheat
701,eggs
701,gluten
701,soy
701,tree nuts
701,wheat
7716,eggs
7716,milk
7716,corn
7716,gluten
7716,pork
7716,soy
7716,wheat
6792,corn
6792,gluten
6792,soy
6792,wheat
21490,gluten
21490,wheat
13536,corn
13536,gluten
13536,soy
13536,wheat
19860,corn
19860,gluten
19860,soy
19860,wheat
5627,corn
5627,gluten
5627,soy
5627,wheat
9482,eggs
9482,gluten
9482,soy
9482,wheat
11097,corn
11097,gluten
11097,soy
11097,wheat
10975,eggs
10975,milk
10975,corn
10975,gluten
10975,soy
10975,wheat
15010,corn
15010,gluten
15010,soy
15010,wheat
4907,eggs
4907,milk
4907,gluten
4907,pork
4907,soy
4907,wheat
11024,eggs
11024,milk
11024,corn
11024,gluten
11024,pork
11024,soy
11024,wheat
14451,milk
14451,corn
14451,gluten
14451,pork
14451,soy
14451,wheat
14449,milk
14449,corn
14449,gluten
14449,pork
14449,soy
14449,wheat
12806,corn
12806,gluten
12806,soy
12806,wheat
16603,corn
16603,gluten
16603,soy
16603,wheat
16674,corn
16674,gluten
16674,soy
16674,wheat
11750,corn
11750,gluten
11750,soy
11750,wheat
5544,eggs
5544,milk
5544,corn
5544,gluten
5544,soy
5544,wheat
15768,milk
12607,milk
12607,corn
11131,milk
11131,corn
12608,milk
12608,corn
2284,milk
2284,corn
6287,milk
6287,corn
10029,milk
10029,corn
10022,milk
10022,corn
871,milk
871,corn
10025,milk
10025,corn
6288,milk
6288,corn
16538,eggs
16538,milk
16538,corn
16538,soy
17388,soy
512,gluten
512,soy
512,wheat
17362,pork
6252,corn
